Name_1,HaKiDaSName,RA_1,DEC_1,GaiaID,phot_g_mean_mag,phot_bp_mean_mag,phot_rp_mean_mag,Vmag,Kmag_x,Name_2,Teff,logg,RefstarID,[Fe/H],[Fe/H]error,rv_HDS
BD-14.5890,HaKiDaS00001,314.039958,-13.522228,6888560851915102464,9.942824,10.420177,9.32247,10.217,7.939,BD-14.5890,4904.62367086,2.07916073202,0,-2.06030923428,0.0179213782573,3.48076246998
HD110184,HaKiDaS00002,190.056975,8.525367,3710786979933623424,7.8635116,8.553203,7.097392,8.312000000000001,5.346,HD110184,4273.52604005,0.488027707061,0,-2.52733210785,0.395136152981,3.47000210306
DXDel,HaKiDaS00003,311.869292,12.466678,1760981190300823808,9.917064,10.224061,9.493805,9.932,8.673,DXDel,6550.96246512,3.5127083448800005,2,-0.723207634897,0.44902334423900003,17.022350674600002
BRAqr,HaKiDaS00004,354.639004,-9.317717,2438710609949867776,11.538099,11.675969,11.064935,11.311,10.302999999999999,BRAqr,7022.25955815,3.3766528244,1,-0.27412778326,0.077291827115,28.358801383600003
HD36054,HaKiDaS00005,82.5125,23.760389,3416618313279749504,7.666823399999999,8.4182205,6.845208,8.226,4.7989999999999995,HD36054,5339.25279308,1.63264404178,1,-0.792885489588,0.0998230617017,-20.72
HD220838,HaKiDaS00006,351.820717,-26.982591999999997,2380163711714608000,8.997897,9.65563,8.249158,9.392999999999999,6.483,HD220838,4300.36473037,0.796365564454,0,-1.8543888051400004,0.0664976710043,-4.8
64390,HaKiDaS00007,196.04485,27.723616999999997,1460563659764508032,10.252858,10.486130000000001,9.893108,10.318,9.283999999999999,64390,6672.01254654,4.07647498211,0,-1.4939206541299999,0.151153163189,1.7912367808200003
BD+12916,HaKiDaS00008,215.441096,0.782031,3654035240588664960,9.157844,9.910225,8.351521,9.734,6.472,BD+12916,4094.30112845,0.565249649937,0,-1.9321228237299999,0.07619796274610001,19.45
BD+173248,HaKiDaS00009,262.060017,17.508039,4553184509407224576,9.120381,9.537315,8.563454,9.345,7.337999999999999,BD+173248,5151.29420029,2.11557807984,0,-1.6902962163799997,0.129797554303,-6.249849156390001
HD100764,HaKiDaS00010,173.93033300000002,-14.595253,3560840738097581824,8.5027,9.002993,7.8867164,8.707,6.153,HD100764,4591.96326096,2.75722274559,1,-0.599711393718,0.213771622878,-26.5915272123
TWHer,HaKiDaS00011,268.631279,30.413519,4596935593202765184,11.368922,11.49129,10.910942,11.267000000000001,10.135,TWHer,6796.18716598,3.4730335599599997,0,-1.5023589665700001,0.054417561577099996,-2.4220554455700003
HIP56948,HaKiDaS00012,175.122346,69.007361,1061266013453102080,8.513497000000001,8.859568,8.043966000000001,8.683,7.1579999999999995,HIP56948,5725.80390117,4.38945465774,2,0.054060507980699994,0.054331120008899995,-11.41
HD162020,HaKiDaS00013,267.659479,-40.321064,5957920668132624256,8.759494,9.342294,8.068089,9.124,6.539,HD162020,4581.6247123,4.46799763158,1,-0.17078387615899998,0.137402973672,12.139693147200001
RZLyr,HaKiDaS00014,280.909462,32.801278,2090986690417092224,11.697901,11.878963,11.228909,11.575,10.512,RZLyr,7285.34054578,3.4321514687800003,0,-1.58831130184,0.210486167449,2.98477840254
BD+092870,HaKiDaS00015,214.12512900000002,8.463111,3674612772501124608,9.102746,9.658909,8.426986,9.443999999999999,6.869,BD+092870,4604.34539759,1.4742468399200002,0,-2.42811687175,0.0612547195404,23.4506257598
M4L4511,HaKiDaS00016,245.96001299999998,-26.566956,6045464750320089728,10.853139,11.852913000000001,9.892579,11.29,7.23,M4L4511,4100.19194741,1.9365670609299999,1,-0.205561530663,0.311378351879,-28.98
RSBoo,HaKiDaS00018,218.387004,31.757508,1286188056265485952,10.527611,10.824125,10.159286999999999,10.389000000000001,9.531,RSBoo,7084.45742973,3.6231987948800004,2,-0.14760378639799998,0.131856480486,-20.256427115999998
HD252041,HaKiDaS00019,92.09925,28.978422,3436654056540592384,8.380491000000001,9.12964,7.5609827,8.877,5.7,HD252041,4826.91788395,1.9409282066900002,1,-0.255092119852,0.11629869169099999,-17.07
HD74462,HaKiDaS00020,132.08578300000002,67.452228,1093220673214868224,8.349639999999999,8.932264,7.653592,8.689,6.046,HD74462,4556.54775732,1.85066320882,0,-2.0652730163,0.052931475499400006,19.961661398
HD74156,HaKiDaS00021,130.605987,4.579394000000001,582221750852254080,7.469342,7.785616,7.04148,7.622999999999999,6.207999999999999,HD74156,5926.54096874,4.10175829791,2,0.047730684961599996,0.0493250767442,20.9309175609
HD150706,HaKiDaS00022,247.809879,79.78952199999999,1709456705329541504,6.850376,7.1890535,6.408883599999999,7.025,5.565,HD150706,5826.49076914,4.43226420713,2,-0.0720996085134,0.0368981743055,-5.02768188556
HD141531,HaKiDaS00023,237.320346,9.610153,4455529017661900160,8.731442,9.395011,7.980556,9.088,6.215,HD141531,4338.37029902,1.11814153197,0,-1.56852599132,0.0580557109134,-8.56348250702
DMCyg,HaKiDaS00024,320.297458,32.194294,1853751143864356736,11.587441,11.859432,11.095898,11.634,10.199,DMCyg,6331.84725408,3.4980724095199998,0,-1.3924211469299999,0.258147094618,18.0695315566
HD204543,HaKiDaS00025,322.369017,-3.515311,2672702897842335872,7.9833050000000005,8.531269,7.3154487999999995,8.305,5.777,HD204543,4645.75766485,1.57626913668,0,-1.7022898370100001,0.0466881573101,27.1255379729
VXHer,HaKiDaS00026,247.670954,18.369744,4467433017735910912,10.85825,11.073247,10.429688,10.609000000000002,9.508,VXHer,6880.27455262,2.99548942888,0,-1.8822546261200002,0.264170932063,-12.712255912
VYSer,HaKiDaS00027,232.756421,1.6821830000000002,4417888542753226112,10.065284,10.341872,9.609784,10.068999999999999,8.908,VYSer,6661.12838308,3.1116683581099998,0,-1.99629194945,0.306262109415,-20.5489486576
HD112869,HaKiDaS00029,194.843921,37.820789000000005,1517430126275260416,8.335802000000001,9.27714,7.409822,9.006,5.2410000000000005,HD112869,3856.97577166,1.61687443111,0,-1.2314411764700002,0.446829431279,23.0307025806
HD6268,HaKiDaS00030,15.825667000000001,-27.884414000000003,5033960575837265920,7.806767,8.320734,7.1635979999999995,8.111,5.7139999999999995,HD6268,4721.93903906,1.5349002236700002,0,-1.0473198759,0.270120730712,13.2040923862
61990,HaKiDaS00031,195.129717,28.457046999999996,1463849447184497408,10.233981,10.517047999999999,9.814491,10.319,9.062999999999999,61990,6281.69283676,4.03815442615,2,-0.253632049675,0.0634073330018,1.16746601144
HD107752,HaKiDaS00032,185.719667,11.605306,3907404501070114560,9.698839,10.202518,9.064026,10.041,7.6610000000000005,HD107752,4777.15530554,1.68500588646,0,-2.62490584974,0.10104866033900001,10.262623204299999
HD33605,HaKiDaS00034,78.140617,27.605646999999998,3421869821331495552,8.016427,8.887244,7.1293809999999995,8.619,4.93,HD33605,4285.12994594,2.48780785746,1,0.193160404569,0.114754785587,-22.72
HD130322,HaKiDaS00035,221.888171,-0.28335,3650718804281798912,7.8344765,8.250689,7.2994832999999995,8.039,6.234,HD130322,5355.38050027,4.50118162312,2,-0.0464641570087,0.054287232602,-15.062937208800001
HD169830,HaKiDaS00036,276.9572,-29.818808,4048037707717866880,5.7624216,6.056480400000001,5.371653599999999,5.9110000000000005,4.687,HD169830,6216.15974506,4.02646803762,2,-0.896506865002,0.216450306564,12.72
HD119516,HaKiDaS00037,205.859071,15.577542000000001,3742101345970116224,8.887903999999999,9.231034,8.403068,9.13,7.3660000000000005,HD119516,5434.60529964,2.49838532807,0,-1.8726973359799999,0.0681398591937,20.2207875351
HD206739,HaKiDaS00038,326.102583,-11.775222,6844927866837934080,8.240787,8.788905999999999,7.576172,8.611,6.0329999999999995,HD206739,4596.51935517,1.84245735801,0,-1.4347226719400001,0.0466668403123,-28.0440220392
HD241894,HaKiDaS00039,78.816913,29.285771999999998,3422652536173655936,9.096789,9.85251,8.285009,9.578,6.271,HD241894,4491.07385353,2.3376286589200004,1,-0.266437835854,0.101411291615,-21.7
BD-11145,HaKiDaS00040,12.102333,-10.688339,2377539761575614080,10.537825999999999,11.030562,9.903884,10.73,8.495,BD-11145,4924.99121546,1.57017072537,0,-2.86506702499,0.113171067856,27.83
CNLyr,HaKiDaS00041,280.318342,28.725281,4539434124372063744,11.326093,11.647647000000001,10.80866,11.386,10.036,CNLyr,6621.08701693,3.5663580509199995,2,-0.900340135751,0.379866728432,2.74762771286
HE1104-0957,HaKiDaS00042,166.834367,-10.220472000000001,3758906900164720256,10.2751,11.216797,9.409676,10.767999999999999,7.317,HE1104-0957,4056.24521232,1.5355530887900002,1,-0.941557024871,0.33818858041999994,29.2303234487
HD177830,HaKiDaS00043,286.339213,25.918564,2035963417721248128,6.8865967,7.438053599999999,6.238636,7.183,4.809,HD177830,4713.75697403,3.4000475156200003,1,0.13535628584,0.09119353826269999,12.540179604
V1221Tau,HaKiDaS00044,52.059841999999996,4.163725,3275301176136626432,9.557862,9.781369,8.787452,9.639,7.444,V1221Tau,5069.6734422,4.08882883804,0,-2.855,0.519894045149,28.26
HD85773,HaKiDaS00045,148.41573799999998,-22.836306,5660878702718068864,8.97911,9.652372,8.221964999999999,9.41,6.505,HD85773,4333.21519283,0.699085828606,0,-2.47814895283,0.07761436852,3.71860057991
60551,HaKiDaS00046,194.908517,28.931378000000002,1463926962753040512,11.933739,12.21868,11.499977000000001,12.005,10.743,60551,6231.25223375,4.17858365324,2,0.0292646313619,0.046362245116099994,0.6229499087
HD44007,HaKiDaS00047,94.705383,-14.845564000000001,2993364748147267456,7.7698026,8.263926,7.145619,8.06,5.702999999999999,HD44007,4906.04174666,2.3043347696,0,-1.4829542118599999,0.0367253563849,-20.9947262164
HD246370,HaKiDaS00048,85.47029599999999,26.041247,3440953387524972416,8.6195345,9.181985000000001,7.942473,8.968,6.487,HD246370,6473.07488885,2.34701149631,1,0.294186282781,0.12229951071799999,-19.61
IOLyr,HaKiDaS00049,275.656233,32.961586,4593112037219674368,11.7637,11.934858,11.298273,13.122,10.444,IOLyr,4601.40649528,2.9138625698799996,0,-1.86419644115,0.320485407135,0.544735619591
HD214161,HaKiDaS00050,339.282337,-40.506739,6545771884159036928,8.859679,9.334059,8.253445,9.124,6.854,HD214161,4776.0971349,2.0567776938900004,0,-1.84161864442,0.0370817475689,8.86
G48-29,HaKiDaS00051,145.179821,1.009953,3846427888295815552,10.340125,10.576002,9.973039,10.504000000000001,9.264,G48-29,6931.48698946,4.38308665452,0,-2.1851428571400002,0.43116335272699996,-1.51540550614
HD041994,HaKiDaS00052,92.361088,27.195511,3430248306097176832,7.5072575,8.0925255,6.829928,7.856,5.31,HD041994,5129.6314607,2.29150038639,1,-0.17662234959000003,0.088727572011,-17.0
HD003008,HaKiDaS00053,8.310175,-10.73015,2425521212060616960,8.998602,9.720724,8.216476,9.485,6.417000000000001,HD003008,4222.4719042,0.683286002249,0,-1.81558291933,0.0649649299612,-25.26
HE2134-3940,HaKiDaS00054,324.440421,-39.45565,6585479578366156672,12.450339,12.959811,11.812762,12.48,10.427,HE2134-3940,5027.47949869,2.07228235478,0,-1.3324361926100001,0.150847872911,25.1798131256
UUCet,HaKiDaS00055,1.023771,-16.996722000000002,2414817603803476864,11.986022,12.181252,11.569097,13.323,10.782,UUCet,4618.18283975,2.6530963858,0,-1.9894705614700001,0.294491786164,27.6524761059
HD189733,HaKiDaS00056,300.176954,22.709111,1827242816201846144,7.4143229999999996,7.913022,6.8080087,7.682,5.541,HD189733,4991.82030554,4.56270611855,1,-0.0254188534864,0.0861302758122,1.8
BD+042621,HaKiDaS00057,187.18868799999998,4.025253,3707617672026060928,9.654866,10.165967,9.010589999999999,9.906,7.5489999999999995,BD+042621,4766.53819259,1.66481015426,0,-2.32642215665,0.0667012459743,-25.28
HE0319-0215,HaKiDaS00058,50.439178999999996,-2.072428,3262319242347448320,13.509649,14.161485999999998,12.753328,13.59,11.062999999999999,HE0319-0215,4740.04287641,1.29349006726,0,-1.66310854859,0.288586967143,26.75
63433,HaKiDaS00059,195.038971,27.915439000000003,1460804762048766848,12.026167999999998,12.24826,11.649758,12.325,10.972000000000001,63433,6156.65552886,3.97148852507,2,-0.9348481547249999,0.0462379060972,0.923566512923
HD193653,HaKiDaS00061,305.424037,-7.758047,4215988933398838272,8.738727,8.983994500000001,8.385978999999999,8.87,7.636,HD193653,6232.70445135,4.09383701684,2,-0.895382602424,0.130583752808,-29.17
HE1523-1155,HaKiDaS00062,231.672129,-12.094844,6314934159552034304,13.046553,13.647778,12.323003,13.01,10.748,HE1523-1155,5194.80190886,1.8299080295599996,0,-1.9830931263,0.170443817178,-6.22314269627
HD108577,HaKiDaS00064,187.069233,12.346278,3907872613852996864,9.334561,9.770366000000001,8.758916000000001,9.526,7.462999999999999,HD108577,5046.27492506,2.0885041321799998,0,-2.09288652917,0.0753452899191,15.2778463606
17583-100,HaKiDaS00066,325.612796,26.677217,1800455375724578304,12.170608,12.491202000000001,11.676646,12.05,10.657,17583-100,6121.79669443,3.8975214584300004,0,-1.9982881607299998,0.274695216812,17.76
HD70088,HaKiDaS00067,125.336046,34.310258000000005,903348277956806528,8.30813,8.685255999999999,7.8134227,8.515,6.818,HD70088,5493.43015046,4.46854872495,2,-0.190497471479,0.07289853511080001,28.46
XO-1,HaKiDaS00068,240.552371,28.170069,1316708918505350528,11.003967999999999,11.369422,10.498775,11.26,9.527000000000001,XO-1,5506.96881877,4.409541158730001,2,-0.0160817217833,0.042584597966999996,-11.4
HD103545,HaKiDaS00071,178.863871,9.131781,3912005716714761216,9.124880000000001,9.635289,8.481401,9.482999999999999,6.9879999999999995,HD103545,4725.03205667,1.7564060140200002,0,-2.0842129374900003,0.0652383626923,29.8998105334
HE1425-2052,HaKiDaS00073,217.164796,-21.101842,6282682322413339136,11.968577999999999,12.728531,11.143703,12.6,9.273,HE1425-2052,4166.09381212,0.562414334687,0,-1.41463446301,0.136870605324,-10.873736038099999
HD036702,HaKiDaS00075,82.969192,-38.555856,4809142471233678208,7.914775,8.621181,7.1404065999999995,8.375,5.329,HD036702,4173.25680774,0.655041998154,0,-2.02416849466,0.0531875317298,-11.34
HD221851,HaKiDaS00076,353.857925,31.158283,2871343486014101888,7.6681356,8.126073,7.090235000000001,7.912000000000001,5.91,HD221851,5125.00401448,4.562704972990001,2,-0.027035055702,0.0642401341586,20.89
HD187111,HaKiDaS00077,297.168304,-12.122286,4189688954569244032,7.268495,8.0005665,6.4672995,7.737,4.5489999999999995,HD187111,4328.15244185,1.20904572402,0,-1.94085947813,0.104349849619,23.95
M13L70,HaKiDaS00078,250.346258,36.503478,1328105150377778048,11.524046,12.356897,10.64904,12.22,8.526,M13L70,3883.22649779,0.37202103314900004,0,-1.5091799853499999,0.095304109765,-3.45703162046
HD237846,HaKiDaS00079,148.158362,57.91731899999999,1049376272667191552,9.704123,10.14206,9.124033,9.954,7.815,HD237846,4988.50931336,2.20725071072,0,-2.8754727152599995,0.109599999913,-9.24137395939
BD+102495,HaKiDaS00080,194.832079,9.244778,3734341989334114304,9.4815445,9.923442,8.898108500000001,9.736,7.571000000000001,BD+102495,4983.54613863,2.42202600765,0,-2.0072775592,0.0551959548367,18.8156888719
BD+292356,HaKiDaS00081,195.468775,29.190028,1464266230811360256,11.071903,11.564366999999999,10.450362,11.290999999999999,9.049,BD+292356,4827.20965952,1.62024668563,0,-1.6720946282,0.050271639668300006,12.6756158391
BD-035215,HaKiDaS00082,322.002217,-3.124589,2684739908761571840,9.97642,10.350446,9.464875,10.086,8.363,BD-035215,5638.16020873,2.66182947599,0,-1.26764801809,0.0417236436827,9.1
HD33771,HaKiDaS00085,77.709283,-37.819206,4820462183959704448,9.150828,9.668517999999999,8.507987,9.451,7.021,HD33771,4627.3830977,1.80468545867,0,-1.90315676917,0.0390461669178,-14.713069434300001
HD68988,HaKiDaS00087,124.587883,61.459911,1090159839002347136,8.046111,8.386382000000001,7.587317999999999,8.197000000000001,6.742999999999999,HD68988,5836.48631639,4.2888448635500005,2,0.341632954894,0.047942339459,-18.4036661915
HD224959,HaKiDaS00088,0.534567,-2.821931,2448568453248165504,9.299823,9.823545,8.65926,9.511000000000001,7.303,HD224959,4954.38665972,2.59469872791,0,-1.8482256996400002,0.13425656223500002,23.9350010269
BD+12.2547,HaKiDaS00089,196.026492,11.436872,3736909550847197824,9.624098,10.158474,8.962007,9.887,7.445,BD+12.2547,4672.47872181,1.75783310303,0,-1.62203034443,0.116132725317,-25.7185735041
G59-27,HaKiDaS00090,189.16581299999999,27.474814000000002,3962435539076449536,10.731667999999999,10.978954,10.339457000000001,10.75,9.56,G59-27,6579.65964509,4.18538497858,0,-1.7662344879799998,0.11657450772299999,-19.92
BD+302611,HaKiDaS00091,226.720833,30.011046999999998,1275876252107941888,8.719325999999999,9.413198,7.9439163,9.157,6.093999999999999,BD+302611,4203.55196009,0.9548124441660001,0,-1.38950657759,0.0464776869544,18.8592628645
G53-41,HaKiDaS00092,156.850217,1.402303,3855475490307708032,10.865032000000001,11.152816,10.434194999999999,11.099,9.595,G53-41,5906.76414844,4.34234420731,0,-1.3605157325400001,0.0709494395528,4.0645926369
BD-18271,HaKiDaS00093,24.326804,-17.480803,2450584991932903168,9.335322,10.049033,8.5489645,9.775,6.7860000000000005,BD-18271,4280.22919974,0.8279690588390001,0,-2.22091462041,0.0664521451024,25.0
CS29497-034,HaKiDaS00094,10.414096,-26.313578000000003,2343863021791098624,12.011674000000001,12.522563,11.374188,12.220999999999998,9.996,CS29497-034,3374.06191457,1.35501759215,1,-0.230935519175,0.306393369668,13.48
HD28185,HaKiDaS00095,66.61071700000001,-10.552261,3179384931394690304,7.6268163,8.00651,7.134158599999999,7.819,6.184,HD28185,5760.45544465,4.42700571719,2,0.215252499469,0.0563331594183,-10.6512181418
HD179949,HaKiDaS00097,288.890083,-24.181667,6770313530317154560,6.1039176,6.403946400000001,5.6949477,6.246,4.935,HD179949,6072.88612659,4.2583001169,2,0.0946401780679,0.0688618284823,23.1860338071
BD+06648,HaKiDaS00099,63.305025,6.602186,3297303572040367232,8.5714,9.326581,7.752847,9.073,5.797999999999999,BD+06648,4325.18739496,0.911801856592,0,-2.06950291194,0.0512201949909,-7.17139252305
NGC2682141,HaKiDaS00100,132.84588300000001,11.802989,604917629355042176,10.165702,10.734689999999999,9.486802,10.394,7.942,NGC2682141,4727.45961425,2.7353379626599996,1,-0.213528792155,0.102238924122,5.9
HD187085,HaKiDaS00101,297.39153799999997,-37.777953000000004,6692069568458919040,7.075083,7.3854284,6.653852499999999,7.224,5.876,HD187085,5998.96212242,4.17495311386,2,-0.00114476608261,0.0376461164724,12.97
HE0017+0055,HaKiDaS00103,5.0923,1.199494,2547126442179677952,11.239376,11.966289,10.460522000000001,11.665999999999999,8.498,HE0017+0055,4175.69648295,1.76582740901,1,-0.469161904565,0.159602276002,-28.743270949499998
BD-10548,HaKiDaS00104,41.729071000000005,-10.123369,5172901664054927488,10.163637,10.620749,9.57671,10.628,8.251,BD-10548,4700.58861177,2.31993556514,0,-1.59391857252,0.0698854359017,26.63
HD214362,HaKiDaS00106,339.492842,-22.640342,6627657909558558464,8.930808,9.249488000000001,8.481422,9.064,7.535,HD214362,5834.78263233,2.68910442994,0,-1.78951776056,0.07332170893239999,13.47
HD19994,HaKiDaS00107,48.194212,-1.197514,3265335443260522112,4.884942,5.23272,4.5306287,5.079,3.748,HD19994,6042.30741287,4.05376841234,2,0.0707357672863,0.096051540575,-19.1383826767
M4L3209,HaKiDaS00109,246.015246,-26.401019,6045490623204749824,10.158557,11.203219,9.180009,10.767999999999999,6.441,M4L3209,3917.62144182,0.758041961669,0,-1.39295403882,0.28858049389699997,-28.97
BD+042466,HaKiDaS00110,171.704125,3.866281,3812733079585100032,10.315634,10.757048,9.736517,10.679,8.531,BD+042466,5068.46467254,2.1885849583000003,0,-1.9539671574400002,0.0739660941885,10.6643757437
HD80606,HaKiDaS00111,140.653029,50.603256,1019003226022657920,8.820078,9.214816,8.303004,9.009,7.315,HD80606,5506.65992588,4.3575499105,2,0.286580217551,0.09001679794339999,-23.2454693995
KXLyr,HaKiDaS00112,278.310854,40.175197,2110264427784391168,11.037174,11.256618,10.645092,10.874,9.921,KXLyr,7035.6963725,3.5465016120099997,0,-1.00594646771,0.38204516020900003,1.73652174384
M4L2406,HaKiDaS00113,245.881508,-26.451033000000002,6045478425497018240,10.04347,11.147194,9.05273,10.68,6.257000000000001,M4L2406,3917.5921134000005,0.772262337779,0,-1.41886456287,0.265645275006,-28.98
GJ1233,HaKiDaS00114,288.048063,57.670322,2143016302194287488,6.819033,7.245064299999999,6.2849383,7.0329999999999995,5.2010000000000005,GJ1233,5317.94036668,4.470570645,2,0.0710314711059,0.0566032862911,-3.59
LP877-70,HaKiDaS00115,347.416167,-20.967561,2386336846734520576,9.915451,10.294976,9.405137,10.146,8.346,LP877-70,5387.25659792,4.224028906,2,-0.549416354446,0.11806594432600001,16.41
V445Oph,HaKiDaS00116,246.172358,-6.543667,4352084489819078784,10.901791000000001,11.332927,10.340825,11.308,9.208,V445Oph,6047.25266725,3.4815723930800004,1,-0.6815358380840001,0.248413858108,-14.9659087074
HD232078,HaKiDaS00117,294.552038,16.809207999999998,4321939248248701824,12.549799,14.033743,11.365764,13.72,8.067,HD232078,4356.51981952,0.176730157621,0,-1.6789436490399998,0.36856252723099997,-18.43
RRCet,HaKiDaS00120,23.03605,1.343125,2558296724402139392,9.749573,10.009485,9.354435,9.675,8.59,RRCet,6814.17614633,3.14693439259,1,-0.708355922998,0.340366029669,28.406301608200003
HE1429-0551,HaKiDaS00121,218.130025,-6.083544,6331867944289331584,12.403445,13.017176,11.685103,12.75,10.066,HE1429-0551,4547.973412300001,1.5140779959900001,0,-1.7340277774900001,0.276114340635,-12.8029854438
HD23484,HaKiDaS00122,56.038792,-38.283178,4856592239127350400,6.734895699999999,7.209382000000001,6.1555305,6.99,4.934,HD23484,5062.06070352,4.507919097559999,2,0.0625712916712,0.0801112354877,-12.8046915226
BD+03740,HaKiDaS00123,75.31839599999999,4.107642,3238602707816488064,9.650396,9.897565,9.263159,9.79,8.516,BD+03740,6269.57400204,3.945105883,0,-2.63431094876,0.0318766550921,-28.098354547
HD190647,HaKiDaS00124,301.831621,-35.536181,6697758334244808192,7.5941997,7.984246700000001,7.091103599999999,7.7829999999999995,6.16,HD190647,5590.11054785,4.10141248601,2,0.26766127283700003,0.021883552342,14.77
HD202206,HaKiDaS00125,318.743358,-20.789703,6832155218215202944,7.9105144,8.282767999999999,7.41973,8.079,6.485,HD202206,5646.40296898,4.38426693593,2,0.287794916165,0.037972698642,26.55
60033,HaKiDaS00126,196.30731200000002,28.967469,1461256111571623552,11.770133,12.022594,11.361068,12.0,10.579,60033,6028.35902747,3.90575857792,0,-1.20639071592,0.0615627106735,1.2673424752299998
LP894-3,HaKiDaS00127,89.46362099999999,-30.898047,2891152566675457280,11.090009,11.368361,10.65858,11.345,9.767000000000001,LP894-3,5722.392325899999,4.25008476921,0,-1.55693584329,0.06001282346419999,-15.5421621982
HE0010-3051,HaKiDaS00128,3.332158,-30.583844,2319828320378748544,12.482028999999999,13.244063,11.652994999999999,12.37,9.789,HE0010-3051,4560.94481309,0.559012981241,0,-1.31595147396,0.33615342266599996,-18.3747245573
HD5426,HaKiDaS00129,13.923925,-33.754825,5003383672864259968,9.391397,9.827862,8.815074000000001,9.658,7.547999999999999,HD5426,4940.92903661,2.44380326193,0,-1.9810396290599999,0.0370252993866,-24.139974141
HD233832,HaKiDaS00130,171.523217,50.376664,790236569003888000,9.945572,10.418604,9.346544,10.128,8.012,HD233832,5028.57329435,4.60486929411,0,-1.07534330859,0.267190531049,-19.71
HD12661,HaKiDaS00131,31.143217,25.412364,105332908999068032,7.24746,7.628574,6.7626029999999995,7.433,5.86,HD12661,5800.8714953,4.33900446871,2,0.28306239484,0.058194645646400006,-22.417422766799998
M13III-59,HaKiDaS00132,250.40145800000002,36.417589,1328056630126385536,12.150222,12.838762,11.365731,10.91,9.512,M13III-59,5993.85921485,0.9395238889830001,0,-2.11982222429,0.331237006699,-15.68
HD23798,HaKiDaS00134,56.693596,-30.852744,4863785897031325824,7.9196186,8.557576,7.187764,8.309,5.517,HD23798,4380.38361197,1.0167894933,0,-2.0624463802400004,0.0814166325741,-20.3
HD18131,HaKiDaS00135,43.661625,-5.327569,5184265327181629056,7.0910926,7.6062326,6.4662066,7.318,5.0889999999999995,HD18131,4854.37558945,3.17993158041,1,-0.018327198657400002,0.05472074761390001,27.48
HD251432,HaKiDaS00136,91.507013,25.284439000000003,3426593696946130816,8.993155999999999,9.671655,8.236854,9.443,6.431,HD251432,4498.13617046,2.10744611906,1,-0.165666242368,0.107978309252,-17.36
HD141937,HaKiDaS00137,238.075121,-18.437707999999997,6248534171318085376,7.091492999999999,7.43083,6.638394,7.2589999999999995,5.763999999999999,HD141937,6088.83520451,4.456052982709999,2,0.104865223307,0.04810640286719999,-6.09113755709
BD+013070,HaKiDaS00139,230.665387,1.267183,4420705899564396288,9.819503,10.235459,9.264544,9.992,8.04,BD+013070,5264.05133008,3.1097262107,0,-1.58085824195,0.043581852152100004,27.9710607156
HD37828,HaKiDaS00140,85.228308,-11.198511,3010244175773318144,6.4824867,7.135217999999999,5.7474914,6.876,4.064,HD37828,4525.3620574,1.34252609994,0,-1.42107109584,0.07732347562089999,-17.4
HD2665,HaKiDaS00141,7.684575,57.064882999999995,421805237748755968,7.4574428,7.935635,6.849256,7.737,5.474,HD2665,4888.78575241,2.30354827813,0,-2.30772089379,0.465976326578,18.73
HD46375,HaKiDaS00142,98.304796,5.463444,3131777319158581376,7.695335000000001,8.152191,7.134639999999999,7.919,6.0,HD46375,5217.6914458,4.42238811313,2,0.141463091869,0.0828523547633,5.97394124395
M13III-52,HaKiDaS00143,250.3934,36.416,1328057390341058304,12.227196000000001,12.901237,11.446795,12.09,9.621,M13III-52,4617.09775631,0.753894005538,0,-1.56810402338,0.0956170371566,-15.68
HD168746,HaKiDaS00146,275.459071,-11.924169000000001,4153637759337630720,7.771689,8.149744,7.277923599999999,7.954,6.252999999999999,HD168746,5671.15700595,4.32108913432,2,-0.126374047075,0.0362024776664,11.7178168323
G154-34,HaKiDaS00147,268.993721,-16.405697,4144902513074822272,13.516855,15.567542000000001,12.163282,14.97,8.236,G154-34,3550.54352446,-1.02993361515,0,-2.6252093264,0.23235102105,-17.02
LP584-45,HaKiDaS00148,0.296671,1.9270919999999998,2738677379375788160,11.47357,11.661871000000001,11.151911,11.645,10.577,LP584-45,6873.85329779,4.5719849549000005,0,-2.39897119318,0.0696754813973,24.0
HD23596,HaKiDaS00149,56.999658,40.529431,224870885460646016,7.1035576,7.425822,6.670971000000001,7.252999999999999,5.872999999999999,HD23596,5975.97705119,4.122591957169999,2,0.226325697335,0.04373879917719999,-11.018553111400001
V1720Cyg,HaKiDaS00150,316.918908,48.85565,2165582988083680640,7.49004,7.988898299999999,6.881553,7.734,5.532,V1720Cyg,5563.95572024,2.84219262584,1,-0.348859140886,0.0897278532908,7.83
63160,HaKiDaS00151,195.542925,27.812155999999998,1460744903087691648,11.207172,11.494333000000001,10.749038,11.484000000000002,9.83,63160,5625.94899102,4.13108159529,2,-0.2760092059,0.0719042783287,1.3731590356999999
HD252370,HaKiDaS00152,92.410088,28.362433000000003,3436564347563108480,8.680675500000001,9.330397,7.946633,9.035,6.268,HD252370,4943.79823468,2.31873539225,1,-0.40455613868699997,0.113280882504,-16.97
HD82943,HaKiDaS00153,143.713529,-12.131428,5691782130578684544,6.3859754,6.7170997,5.9471273,6.539,5.105,HD82943,5859.30445283,4.32731284554,2,0.22146757167,0.0390264451826,-26.4085995207
HD114729,HaKiDaS00154,198.185171,-31.871921999999998,6180035765135232128,6.513824,6.8637204,6.057313400000001,6.704,5.136,HD114729,5658.02132384,3.954631529,0,-1.42145833333,0.641494347804,-26.78
HD209458,HaKiDaS00155,330.791533,18.881097,1779546757669063552,7.5086603,7.8127135999999995,7.089648700000001,7.641,6.307,HD209458,6029.5642628,4.30432674797,2,-0.0617011586505,0.0496737330088,-20.7324052573
HD26297,HaKiDaS00156,62.265654000000005,-15.889175,5097726306013986560,7.086398,7.7324720000000005,6.355826400000001,7.474,4.631,HD26297,4358.30176842,1.06770793248,0,-1.74024309121,0.0509164312241,-23.66
LP877-23,HaKiDaS00157,343.169283,-20.588711,2398029465700538880,11.893221,12.238892,11.382779,11.905999999999999,10.343,LP877-23,5781.08216947,4.66108602627,0,-1.56517345375,0.0718885059396,15.22
G18-24,HaKiDaS00161,331.253567,8.639692,2722263350106417152,11.870524000000001,12.18629,11.397649000000001,11.67,10.474,G18-24,6608.457057899999,4.6277863216,0,-1.12544938724,0.09820747905060001,14.1
HD219542,HaKiDaS00162,349.148858,-1.58695,2638615189818036736,8.031352,8.363797,7.5788006999999995,8.137,6.65,HD219542,5802.92532651,4.280727865869999,2,0.0781420959098,0.051245902956,-30.2063801897
HD216435,HaKiDaS00163,343.409896,-48.598642,6515731817739456256,5.8723187,6.2085295,5.4310602999999995,6.028,4.612,HD216435,5884.37351746,4.03580395935,2,0.177473341827,0.07104985506139999,-20.1476414561
HD50281A,HaKiDaS00164,103.076875,-5.173556,3101923001490347392,6.217028,6.820062599999999,5.530464599999999,6.591,4.107,HD50281A,4664.0013383000005,4.612068546680001,1,0.100541234331,0.0747773080616,8.27208519003
HD198269,HaKiDaS00165,312.154337,17.841939,1812812550689358336,7.7987437,8.428608,7.082453999999999,8.133,5.385,HD198269,4484.82783807,1.25971636217,0,-1.74435100313,0.163355671848,23.0139846399
HD24421,HaKiDaS00166,58.90241700000001,52.226281,251738448519542144,6.6698127000000005,6.9628559999999995,6.2631726,6.821000000000001,5.472,HD24421,6057.55131681,4.0637266814199995,2,-0.381224395166,0.032316757125800004,-8.1699475886
HD208487,HaKiDaS00167,329.335796,-37.76415,6586580842340695040,7.331639999999999,7.637072,6.911225999999999,7.48,6.1579999999999995,HD208487,6044.19340084,4.30944658518,0,-1.6222006829299997,0.126601195146,25.22
HD22282,HaKiDaS00168,53.806470999999995,-0.738664,3263319007654791552,8.332892999999999,8.743608,7.8064613,8.526,6.756,HD22282,5483.53989818,4.463978060630001,2,0.0697568768023,0.06339103754480001,-27.899568196500002
HD6434,HaKiDaS00169,16.166213,-39.486816999999995,4988158666635743616,7.5609,7.891974,7.103192999999999,7.739,6.187,HD6434,5683.355066,4.282024514630001,2,-0.518027352493,0.055633064878599994,20.67
HD69960,HaKiDaS00170,125.56561299999998,56.839071999999994,1034767439626407936,7.826591499999999,8.213539,7.325163000000001,7.99,6.349,HD69960,5636.11105736,4.07030715648,2,0.20852792917500002,0.0635585651239,-6.960451852010001
HD83212,HaKiDaS00171,144.085508,-20.886147,5676959889203060096,7.969530000000001,8.58425,7.259883,8.334,5.609,HD83212,4452.06450918,1.3674728245399999,0,-1.3596144892200002,0.0358602003204,24.866154909000002
HD4306,HaKiDaS00172,11.3642,-9.541247,2473977823368495360,8.761013,9.210169,8.167961,9.014,6.8229999999999995,HD4306,4997.3396331,2.29527865564,0,-3.09147513128,0.0413408837288,28.01
HD122563,HaKiDaS00174,210.63188300000002,9.684803,3723554268436602240,5.8559737,6.413675,5.2016883,6.216,3.73,HD122563,4660.62595622,1.5038480895200002,0,-2.45262488425,0.0203664486976,26.576234793
16CygB,HaKiDaS00175,295.466246,50.513128,2135550755683407232,6.0568113,6.417793799999999,5.5859275,6.165,4.65,16CygB,5740.66652093,4.28628818186,2,-0.576922988729,0.223153164863,9.37034683139
HD222582,HaKiDaS00176,355.465863,-5.986769000000001,2440578577126302336,7.518894,7.871429400000001,7.0513334,7.7,6.172999999999999,HD222582,5729.22867672,4.292930564680001,2,-0.0604291900229,0.038068630135199996,-30.3765733944
HD145675,HaKiDaS00179,242.598704,43.815981,1385293808145621504,6.37931,6.8301253,5.8251976999999995,6.612,4.7139999999999995,HD145675,5256.24816085,4.39559517837,2,0.365873153392,0.09026214100989999,-4.86031131512
G41-41,HaKiDaS00181,142.314133,8.635408,588856788129452160,11.016316,11.24955,10.640013,11.118,9.907,G41-41,6557.89299526,4.243869039140001,0,-1.34478571429,0.339160766467,-4.37476562992
HD175305,HaKiDaS00182,281.768529,74.72528100000001,2268048503896398720,6.941186,7.393719,6.372523,7.199,5.0569999999999995,HD175305,4941.36471322,2.6154958901599996,0,-1.42184220524,0.0461835742132,-4.57264223149
HD72659,HaKiDaS00186,128.514554,-1.567036,3073443760538892032,7.310695,7.640856299999999,6.8647084000000005,7.474,5.982,HD72659,5795.61136912,4.07127614078,2,-0.0598628588222,0.0414546145012,20.1415540064
HD26151,HaKiDaS00187,61.839146,-27.426819000000002,4889216948147099520,8.283411,8.712593,7.731798599999999,8.47,6.649,HD26151,5350.33756039,4.458183093640001,2,0.206292418222,0.0786789266239,-19.998215190899998
HD106252,HaKiDaS00189,183.374471,10.039744,3905603054348141440,7.262809799999999,7.59479,6.810293,7.417000000000001,5.928999999999999,HD106252,5782.94603627,4.29483773169,2,-0.105044238774,0.0296828030897,-27.6730903577
HD26,HaKiDaS00190,1.344663,8.789261,2752856200291132416,7.966989,8.480872999999999,7.339735000000001,8.232000000000001,6.032,HD26,5047.46597041,2.6962753137099997,1,-0.845125792234,0.12396564831399999,26.895885983899998
HD216770,HaKiDaS00191,343.97688700000003,-26.658558000000003,6610107504955838336,7.9163837,8.338474,7.3780399999999995,8.101,6.311,HD216770,5384.7089541000005,4.45772411225,2,0.315992941008,0.0684087334276,28.116088564400002
BD+82856,HaKiDaS00192,215.994238,8.027667,1175731289937614080,9.658627000000001,10.238384,8.972118,10.09,7.3870000000000005,BD+82856,4452.15984123,1.1462307088500001,0,-1.96708569441,0.0634420023046,-14.5978231575
BD-133442,HaKiDaS00194,176.711246,-14.112055999999999,3572742676589941760,10.139558000000001,10.388247,9.757712,10.317,9.017999999999999,BD-133442,6365.41248186,3.97375815499,0,-2.727625,0.12068375080499999,14.4883784784
HD114710,HaKiDaS00198,197.9653,27.877606,1460229369573307264,4.023946,4.4108186,3.6551647000000003,4.246,2.923,HD114710,6043.43162645,4.4002273039399995,2,-0.004204320863230001,0.0438651325031,2.03238691886
G20-15,HaKiDaS00199,266.866754,-8.775903,4165370682239910144,10.351442,10.725163,9.827424,10.667,8.77,G20-15,6691.92121409,4.458710172819999,0,-1.4079188343,0.048205423310199995,1.69
HD218857,HaKiDaS00201,347.849383,-16.247944,2406522235247996160,8.71642,9.149439,8.147092,8.939,6.872999999999999,HD218857,5041.42029255,2.6574492544,0,-1.7648356059499999,0.06944223975700001,17.65
HIP100963,HaKiDaS00202,307.046354,22.128494,1818697205647102720,6.922304,7.2709413,6.459281,7.097,5.577999999999999,HIP100963,5743.14594417,4.420073658430001,2,-0.0593429600896,0.0502507453314,17.58
HD40979,HaKiDaS00203,91.123696,44.259208,961428192989499904,6.5996312999999995,6.909522,6.193393700000001,6.744,5.4510000000000005,HD40979,6135.89631873,4.34547589455,2,0.143830559231,0.06809789851800001,1.8131478265599998
G115-58,HaKiDaS00205,137.700921,46.378814,1011379899590855936,11.982026,12.22783,11.572455999999999,11.909,10.779000000000002,G115-58,6721.22020192,4.0853365654400005,0,-1.22660468944,0.0684000647338,-11.4048572027
HD187123,HaKiDaS00207,296.744879,34.417258000000004,2047452661412980736,7.6728380000000005,8.020287,7.2085365999999995,7.841,6.337000000000001,HD187123,5753.73394044,4.3509596407,2,0.0797780125385,0.043184884500699995,14.393913256500001
Gl838.3,HaKiDaS00209,327.97045,42.340439,1960631100090155008,7.642575999999999,8.05022,7.116014999999999,7.845,6.064,Gl838.3,5423.09223011,4.546326741190001,2,0.021831275136700003,0.0408093559477,-1.73
LP763-87,HaKiDaS00210,354.36681699999997,-13.792310999999998,2432049871588053248,11.860809,12.094124,11.464694999999999,12.952,10.725999999999999,LP763-87,4742.28814937,4.22746284686,0,-2.26895605889,0.152359734338,20.11
HD159868,HaKiDaS00211,264.747467,-43.143611,5955841736510622208,7.045793499999999,7.4424133,6.5377975,7.265,5.535,HD159868,5441.09112014,3.8347399354300005,2,-0.568646375292,0.0763970944911,0.32
18Sco,HaKiDaS00212,243.904658,-8.367194,4345775217221821312,5.3025894000000005,5.6745496,4.8664427,5.505,4.185,18Sco,6049.56695185,4.51745713789,2,0.0754525158081,0.0442868650665,-10.57
G199-36,HaKiDaS00213,191.05953799999997,51.756394,1568219729458240128,6.7342796,7.248855000000001,6.1209,7.018,4.78,G199-36,4882.59393571,4.46477593721,1,0.074757967173,0.0963934997164,-8.74
HD92788,HaKiDaS00215,160.703921,-2.185556,3802549437248150656,7.139292200000001,7.5118375,6.660425999999999,7.308,5.721,HD92788,5651.44900446,4.318899647209999,2,0.263135533952,0.0372538503628,-29.224372522399996
HD192263,HaKiDaS00216,303.50041699999997,-0.8678969999999999,4224259562941398400,7.4955826,8.008992999999998,6.8747773,7.774,5.5360000000000005,HD192263,4885.20562584,4.53729669648,1,-0.015733379728600002,0.0934901153732,22.6590106868
HD134987,HaKiDaS00219,228.371475,-25.311083,6226694571859532800,6.285549,6.655436,5.7979064000000005,6.468999999999999,4.881,HD134987,5643.02371766,4.22701737674,2,0.247743739855,0.05115092714240001,-9.49313498161
HD195019,HaKiDaS00220,307.078429,18.772247,1815418118373631360,6.7291107000000006,7.081606,6.259645,6.901,5.256,HD195019,5560.88710255,4.01737795881,2,-0.030334678695200002,0.0365605130944,23.371598845799998
HD4208,HaKiDaS00222,11.111496,-26.512135999999998,2343647384368388608,7.61066,7.9766936,7.1249175000000005,7.792000000000001,6.162999999999999,HD4208,5587.67834197,4.39203645922,0,-1.38776779127,0.38981112891,24.74
HD160617,HaKiDaS00224,265.708488,-40.320878,5957698605530828032,8.574639,8.859107,8.158407,8.77,7.311,HD160617,5863.83312475,3.8090798097099996,0,-1.9299175832599997,0.321357204911,-11.05
G17-25,HaKiDaS00226,248.677108,-4.228530999999999,4354357901908595456,9.366166999999999,9.800535,8.791043,9.597999999999999,7.517,G17-25,5314.01542604,4.56122499732,0,-1.27921725972,0.10367088579299999,-23.72
HD204587,HaKiDaS00227,322.514138,-12.511728,6891134705556330880,8.535991000000001,9.319032,7.7015910000000005,9.12,5.881,HD204587,4105.49426534,4.5256345505699995,1,0.05869111275640001,0.190410009382,27.029582456
BD-17484,HaKiDaS00230,37.855779,-16.980744,5133305707717726464,10.335064,10.600234,9.935129,10.597000000000001,9.136000000000001,BD-17484,5923.97594931,4.048794870280001,0,-1.51031644955,0.0633608657848,25.72
47UM,HaKiDaS00231,164.862933,40.429522,777254360337133312,4.8306002999999995,5.202707299999999,4.4259934,5.04,3.75,47UM,6100.70112797,4.39165550244,2,0.0440562142041,0.037299850176199995,-25.3557257873
HD58551,HaKiDaS00232,111.709962,21.533610999999997,865962683591073408,6.39607,6.6785374000000015,6.0039682,6.5360000000000005,5.245,HD58551,6125.52803631,4.189337695390001,2,-0.491533104721,0.045602935269499996,11.921109780999998
HD200580,HaKiDaS00233,316.03303700000004,2.993239,1730458373852682752,7.1553807,7.4701447,6.710160000000001,7.332000000000001,5.79,HD200580,5749.90610606,3.9595699902,2,-0.692385915896,0.05212347567480001,25.302738194299998
G165-39,HaKiDaS00234,209.793917,33.859439,1458016709798909952,9.922362,10.164749,9.547275,9.986,8.81,G165-39,6573.30297972,4.09233335388,0,-1.8186688907700002,0.044372983385300005,-19.97
HD128279,HaKiDaS00235,219.20232099999998,-29.111331,6221846137890957312,7.8055687,8.212235,7.264129,8.041,6.065,HD128279,5144.95262621,3.1290344507,0,-2.1379196030700003,0.0578169598527,28.5211178505
LP859-35,HaKiDaS00236,229.8995,-24.516925,6227037653844724224,11.487769,11.843062,10.96819,11.309000000000001,9.897,LP859-35,6129.88350046,4.577264521419999,0,-1.27388232704,0.09319000249430001,-27.82
HD189558,HaKiDaS00237,300.253337,-12.255389,4189078626829509248,7.555069400000001,7.88985,7.0926766,7.732,6.162999999999999,HD189558,5703.88012863,3.8201795009400006,0,-2.32783937619,0.067110891273,-0.814894672674
HD37124,HaKiDaS00238,84.260188,20.72905,3402798414192387328,7.472376,7.843986500000001,6.980111999999999,7.659,5.9510000000000005,HD37124,5536.44369775,4.3579400775699995,2,-0.479864867812,0.027673051235500002,-1.40682215025
HD8574,HaKiDaS00240,21.30235,28.564967,297045096447719040,6.9834504,7.2957415999999995,6.5640717,7.121,5.7829999999999995,HD8574,6043.24876357,4.22226609455,2,0.038297778153499995,0.052900850451499996,-24.0123230479
G14-39,HaKiDaS00241,198.61255,-4.092741999999999,3636015928636801792,12.539176,13.068067999999998,11.863269,12.74,10.413,G14-39,4638.29785355,4.69696908621,0,-2.09859818282,0.12352024405999999,-26.41
TauBoo,HaKiDaS00243,206.813825,17.455769,1244571953471006720,4.294787,4.626565,3.9865906000000004,4.488,3.5069999999999997,TauBoo,6666.18204716,4.3366023707,2,0.241036830756,0.093580290226,7.00878254697
HD117176,HaKiDaS00246,202.10511699999998,13.777322,3740176925743650688,4.7087197,5.160622,4.2652470000000005,4.973,3.5,HD117176,5802.42380447,4.01943846884,2,-0.123998492138,0.04871667793880001,7.31422093845
HD111980,HaKiDaS00248,193.315654,-18.522122,3510294882898890880,8.209325,8.519147,7.756715299999999,8.381,6.768,HD111980,5616.291023,3.86240419387,0,-1.0907422878,0.0399460411791,-27.72
HD134439,HaKiDaS00251,227.555046,-16.383889,6307374845312759552,8.816861,9.263815,8.248588,9.059,,HD134439,4923.5670905,4.59943903398,0,-1.4320093669,0.07263234060910001,29.338251485300002
