angDist,Name_1,HaKiDaSName,RA_1,DEC_1,GaiaID,phot_g_mean_mag,phot_bp_mean_mag,phot_rp_mean_mag,Vmag,Kmag_x,Name_2,Teff,logg,RefstarID,[Fe/H],[Fe/H]error,rv_HDS,objID,RAJ2000,DEJ2000,errHalfMaj,errHalfMin,errPosAng,f_objID,Qual,Epoch,Ns,Nd,gmag,e_gmag,gKmag,e_gKmag,gFlags,rmag,e_rmag,rKmag,e_rKmag,rFlags,imag,e_imag,iKmag,e_iKmag,iFlags,zmag,e_zmag,zKmag,e_zKmag,zFlags,ymag,e_ymag,yKmag,e_yKmag,yFlags
4.397435,BD-14.5890,HaKiDaS00001,314.039958,-13.522228,6888560851915102464,9.942824,10.420177,9.32247,10.217,7.939,BD-14.5890,4904.62367086,2.07916073202,0,-2.06030923428,0.0179213782573,3.48076246998,91773140387653439,314.038739020,-13.522523660,0.011,0.011,90,268959744,32,55564.826400460,0,3,,,,,0,,,,,0,15.0057,0.0019,,,24,12.8750,0.1572,12.2449,0.0010,24,,,,,0
1.109169,DXDel,HaKiDaS00003,311.869292,12.466678,1760981190300823808,9.917064,10.224061,9.493805,9.932,8.673,DXDel,6550.96246512,3.5127083448800005,2,-0.723207634897,0.44902334423900003,17.022350674600002,122963118695200925,311.869450610, 12.466944350,0.023,0.021,90,436527104,52,56032.721574070,4,35,19.3968,0.0269,,,115000,18.9858,0.0161,17.3474,0.1322,115000,18.7081,0.0231,18.5044,0.0680,115000,18.6473,0.0257,17.7110,0.0338,115000,18.1810,0.0421,16.3291,0.0262,16793912
3.493304,HD36054,HaKiDaS00005,82.5125,23.760389,3416618313279749504,7.666823399999999,8.4182205,6.845208,8.226,4.7989999999999995,HD36054,5339.25279308,1.63264404178,1,-0.792885489588,0.0998230617017,-20.72,136510825124611893, 82.512451350, 23.759419660,0.011,0.011,90,1082208256,129,56735.296076390,1,3,,,,,32,15.0231,0.2005,12.8374,0.3085,16777272,13.2209,0.0010,11.2749,0.0010,16777264,,,,,32,,,,,114720
4.112173,HD36054,HaKiDaS00005,82.5125,23.760389,3416618313279749504,7.666823399999999,8.4182205,6.845208,8.226,4.7989999999999995,HD36054,5339.25279308,1.63264404178,1,-0.792885489588,0.0998230617017,-20.72,136510825128881779, 82.512851060, 23.759292850,0.013,0.013,90,276897792,33,56226.979942130,0,4,,,,,0,,,,,0,,,,,0,13.0302,0.0078,11.1780,0.0010,16777240,11.6403,0.0698,9.3401,0.3255,16777240
4.788604,HD36054,HaKiDaS00005,82.5125,23.760389,3416618313279749504,7.666823399999999,8.4182205,6.845208,8.226,4.7989999999999995,HD36054,5339.25279308,1.63264404178,1,-0.792885489588,0.0998230617017,-20.72,136510825125721549, 82.512616190, 23.759063090,0.067,0.035,0,276979712,33,55779.307430560,0,10,,,,,0,13.9787,0.0012,12.3185,0.0010,16777240,13.6045,0.0010,11.4724,0.0010,16777240,13.0088,0.0118,10.8357,0.0724,16777240,12.2216,0.0131,8.9808,0.0010,16777240
4.852815,HD220838,HaKiDaS00006,351.820717,-26.982591999999997,2380163711714608000,8.997897,9.65563,8.249158,9.392999999999999,6.483,HD220838,4300.36473037,0.796365564454,0,-1.8543888051400004,0.0664976710043,-4.8,75623518188521434,351.819220180,-26.982397400,0.016,0.016,90,276897792,33,56911.463101850,0,5,,,,,0,,,,,0,13.5277,0.0450,12.6363,0.0248,16777240,,,,,0,12.7006,0.0010,10.0651,0.0010,16777232
4.651476,BD+173248,HaKiDaS00009,262.060017,17.508039,4553184509407224576,9.120381,9.537315,8.563454,9.345,7.337999999999999,BD+173248,5151.29420029,2.11557807984,0,-1.6902962163799997,0.129797554303,-6.249849156390001,129012620611890932,262.061191740, 17.508682700,0.042,0.011,0,847568896,101,56213.369363430,3,10,,,,,16416,15.7330,0.0027,14.1722,0.0013,16793912,15.1193,0.0115,15.0233,0.0181,16892216,14.6825,0.0000,13.3120,0.0011,16892216,14.3525,0.0022,12.0893,0.0010,16892216
4.700180,BD+173248,HaKiDaS00009,262.060017,17.508039,4553184509407224576,9.120381,9.537315,8.563454,9.345,7.337999999999999,BD+173248,5151.29420029,2.11557807984,0,-1.6902962163799997,0.129797554303,-6.249849156390001,129012620593951599,262.059400140, 17.509204560,0.009,0.009,90,277348352,33,56355.600532410,0,3,,,,,0,,,,,0,,,,,0,14.2806,0.3623,,,16781336,15.0742,0.0052,14.2667,0.0034,16781336
3.286862,BD+092870,HaKiDaS00015,214.12512900000002,8.463111,3674612772501124608,9.102746,9.658909,8.426986,9.443999999999999,6.869,BD+092870,4604.34539759,1.4742468399200002,0,-2.42811687175,0.0612547195404,23.4506257598,118152141250137501,214.125021460,  8.464017800,0.014,0.014,90,1350643712,161,55591.718171300,1,6,13.7961,0.0401,12.5013,0.0793,16891960,15.0548,0.0020,13.3173,0.0010,16793656,13.8100,0.0272,12.3700,0.1455,16793656,,,,,16416,,,,,16416
3.785107,BD+092870,HaKiDaS00015,214.12512900000002,8.463111,3674612772501124608,9.102746,9.658909,8.426986,9.443999999999999,6.869,BD+092870,4604.34539759,1.4742468399200002,0,-2.42811687175,0.0612547195404,23.4506257598,118152141243137062,214.124457130,  8.463925770,0.016,0.016,90,310456320,37,56678.649837960,0,6,12.7485,0.0427,,,16,15.1072,0.0020,13.4512,0.0010,16777240,14.8603,0.0937,12.9821,0.0202,16777240,14.2634,0.0015,12.5627,0.0010,16778264,,,,,0
4.070004,BD+092870,HaKiDaS00015,214.12512900000002,8.463111,3674612772501124608,9.102746,9.658909,8.426986,9.443999999999999,6.869,BD+092870,4604.34539759,1.4742468399200002,0,-2.42811687175,0.0612547195404,23.4506257598,118152141246387425,214.124625630,  8.464126020,0.030,0.030,90,276901888,33,55326.344525460,0,7,,,,,0,13.9535,0.0556,12.5647,0.1502,16777240,13.5993,0.0010,12.6507,0.0010,16777240,10.4611,0.0010,11.2604,0.0010,24,10.6009,0.0045,10.4430,0.0400,24
2.755476,M4L4511,HaKiDaS00016,245.96001299999998,-26.566956,6045464750320089728,10.853139,11.852913000000001,9.892579,11.29,7.23,M4L4511,4100.19194741,1.9365670609299999,1,-0.205561530663,0.311378351879,-28.98,76122459606250745,245.960585260,-26.566386900,0.011,0.004,90,436527104,52,56031.894178240,5,62,18.0794,0.0131,18.1774,0.0214,115000,17.4120,0.0080,17.4469,0.0080,115000,16.9996,0.0103,16.9413,0.0061,16892216,16.7557,0.0055,,,115000,16.4101,0.0142,15.6993,0.0106,16892216
4.667278,M4L4511,HaKiDaS00016,245.96001299999998,-26.566956,6045464750320089728,10.853139,11.852913000000001,9.892579,11.29,7.23,M4L4511,4100.19194741,1.9365670609299999,1,-0.205561530663,0.311378351879,-28.98,76122459611900958,245.961182380,-26.566189910,0.023,0.013,90,436527104,52,55831.626840280,1,13,19.8657,0.0102,20.0661,0.0088,16696,18.9250,0.0328,,,16696,18.6112,0.0140,18.6606,0.0253,16952,18.1690,0.0162,18.3597,0.0283,115000,,,,,16416
4.938587,M4L4511,HaKiDaS00016,245.96001299999998,-26.566956,6045464750320089728,10.853139,11.852913000000001,9.892579,11.29,7.23,M4L4511,4100.19194741,1.9365670609299999,1,-0.205561530663,0.311378351879,-28.98,76112459615189651,245.961496480,-26.567304440,0.013,0.008,90,503635968,60,56067.730740740,5,62,18.6211,0.0171,18.6819,0.0011,115000,17.9132,0.0122,17.9910,0.0147,115000,17.5041,0.0131,17.5743,0.0080,115000,17.2599,0.0037,17.3802,0.0279,115000,16.8764,0.0200,17.0565,0.0377,16892216
4.294708,HD252041,HaKiDaS00019,92.09925,28.978422,3436654056540592384,8.380491000000001,9.12964,7.5609827,8.877,5.7,HD252041,4826.91788395,1.9409282066900002,1,-0.255092119852,0.11629869169099999,-17.07,142770921005264795, 92.100611910, 28.978483240,0.009,0.009,90,268959744,32,55452.894548610,0,3,,,,,0,15.4552,0.2320,13.9338,0.2948,24,,,,,0,,,,,0,,,,,0
3.497975,HD150706,HaKiDaS00022,247.809879,79.78952199999999,1709456705329541504,6.850376,7.1890535,6.408883599999999,7.025,5.565,HD150706,5826.49076914,4.43226420713,2,-0.0720996085134,0.0368981743055,-5.02768188556,203742478157289052,247.814130300, 79.790135380,0.015,0.015,90,570503168,68,55785.309687500,1,3,,,,,32,13.4446,0.0024,,,56,,,,,32800,14.6232,0.0026,13.0532,0.0013,16778288,11.9898,0.0012,,,48
2.244552,HD204543,HaKiDaS00025,322.369017,-3.515311,2672702897842335872,7.9833050000000005,8.531269,7.3154487999999995,8.305,5.777,HD204543,4645.75766485,1.57626913668,0,-1.7022898370100001,0.0466881573101,27.1255379729,103783223684052039,322.368393470, -3.515348520,0.011,0.011,90,1082204160,129,55587.188715280,1,5,,,,,32,13.5848,0.0887,11.9054,0.0073,16777272,13.4905,0.0767,12.0857,0.2159,16777272,,,,,32800,13.5146,0.0022,,,16777240
3.535549,HD204543,HaKiDaS00025,322.369017,-3.515311,2672702897842335872,7.9833050000000005,8.531269,7.3154487999999995,8.305,5.777,HD204543,4645.75766485,1.57626913668,0,-1.7022898370100001,0.0466881573101,27.1255379729,103783223683432681,322.368208020, -3.514751960,0.013,0.013,90,1350639616,161,55417.596180560,1,3,,,,,16416,13.9915,0.0011,11.6491,0.0010,16891960,14.0222,0.0069,12.3090,0.1730,16793656,,,,,16416,,,,,16416
3.543904,HD204543,HaKiDaS00025,322.369017,-3.515311,2672702897842335872,7.9833050000000005,8.531269,7.3154487999999995,8.305,5.777,HD204543,4645.75766485,1.57626913668,0,-1.7022898370100001,0.0466881573101,27.1255379729,103783223682471520,322.368151910, -3.515783770,0.016,0.016,90,268513280,32,55699.572141200,0,3,,,,,0,,,,,0,10.7675,0.0010,,,16,,,,,0,12.8594,0.0000,11.1513,0.0000,16777240
4.962202,HD204543,HaKiDaS00025,322.369017,-3.515311,2672702897842335872,7.9833050000000005,8.531269,7.3154487999999995,8.305,5.777,HD204543,4645.75766485,1.57626913668,0,-1.7022898370100001,0.0466881573101,27.1255379729,103783223680232801,322.367786850, -3.514684600,0.028,0.028,90,276901888,33,56521.392500000,0,3,,,,,0,13.3272,0.0010,11.8433,0.0010,16777232,13.5371,0.1597,12.5087,0.0155,24,,,,,0,,,,,0
3.156789,VYSer,HaKiDaS00027,232.756421,1.6821830000000002,4417888542753226112,10.065284,10.341872,9.609784,10.068999999999999,8.908,VYSer,6661.12838308,3.1116683581099998,0,-1.99629194945,0.306262109415,-20.5489486576,110012327572728734,232.757237670,  1.681862760,0.052,0.018,0,847568896,101,56149.471944440,1,16,,,,,16416,17.6884,0.0562,15.7799,0.0155,16688,17.2096,0.0521,15.5836,0.0185,16793912,17.4960,0.0333,14.9369,0.2070,16892216,16.9541,0.0139,14.2624,0.0040,16793912
4.290850,61990,HaKiDaS00031,195.129717,28.457046999999996,1463849447184497408,10.233981,10.517047999999999,9.814491,10.319,9.062999999999999,61990,6281.69283676,4.03815442615,2,-0.253632049675,0.0634073330018,1.16746601144,142151951300150406,195.130020410, 28.458208670,0.011,0.011,90,1384198144,165,56710.568703700,1,3,,,,,16416,,,,,114720,14.9404,0.0309,,,16794680,,,,,16416,,,,,16416
4.296860,61990,HaKiDaS00031,195.129717,28.457046999999996,1463849447184497408,10.233981,10.517047999999999,9.814491,10.319,9.062999999999999,61990,6281.69283676,4.03815442615,2,-0.253632049675,0.0634073330018,1.16746601144,142141951281599500,195.128413690, 28.457381180,0.016,0.016,90,302067712,36,56710.575104170,0,3,,,,,0,,,,,0,16.8112,0.0057,,,1048,18.2374,0.0233,,,4120,,,,,0
3.958778,HD107752,HaKiDaS00032,185.719667,11.605306,3907404501070114560,9.698839,10.202518,9.064026,10.041,7.6610000000000005,HD107752,4777.15530554,1.68500588646,0,-2.62490584974,0.10104866033900001,10.262623204299999,121921857194698332,185.719668190, 11.606405660,0.023,0.023,90,268513280,32,56019.380034720,0,8,12.0640,0.0256,12.6505,0.0227,24,10.8869,0.2422,13.4336,0.3033,24,13.4554,0.2520,12.2613,0.0506,16777240,,,,,0,,,,,0
3.963316,HD33605,HaKiDaS00034,78.140617,27.605646999999998,3421869821331495552,8.016427,8.887244,7.1293809999999995,8.619,4.93,HD33605,4285.12994594,2.48780785746,1,0.193160404569,0.114754785587,-22.72,141120781413556264, 78.141198110, 27.604673940,0.013,0.013,90,276979712,33,56115.377569440,0,9,,,,,0,13.4264,0.0322,11.6089,0.0159,16777240,12.7496,0.0010,10.8206,0.0010,16777240,12.9106,0.1289,,,16777240,11.4025,0.0989,9.4275,0.0010,16777240
4.627114,HD206739,HaKiDaS00038,326.102583,-11.775222,6844927866837934080,8.240787,8.788905999999999,7.576172,8.611,6.0329999999999995,HD206739,4596.51935517,1.84245735801,0,-1.4347226719400001,0.0466668403123,-28.0440220392,93873261031511551,326.103161140,-11.774068010,0.015,0.015,90,268513280,32,55720.604305560,0,3,,,,,0,,,,,0,,,,,0,,,,,0,13.7070,0.0072,,,16
4.158104,HD241894,HaKiDaS00039,78.816913,29.285771999999998,3422652536173655936,9.096789,9.85251,8.285009,9.578,6.271,HD241894,4491.07385353,2.3376286589200004,1,-0.266437835854,0.101411291615,-21.7,143140788171522263, 78.817130320, 29.284632630,0.017,0.017,90,276897792,33,55878.106030090,0,7,,,,,0,14.0429,0.0291,,,16777240,9.6957,0.0010,,,16,13.2350,0.0895,,,16777240,12.1117,0.0362,10.6904,0.0539,16777240
4.844933,HD241894,HaKiDaS00039,78.816913,29.285771999999998,3422652536173655936,9.096789,9.85251,8.285009,9.578,6.271,HD241894,4491.07385353,2.3376286589200004,1,-0.266437835854,0.101411291615,-21.7,143140788154413802, 78.815403080, 29.286049300,0.008,0.008,90,310456320,37,55931.065868060,0,4,,,,,0,,,,,0,17.0638,0.0216,17.0361,0.0079,1048,17.2786,0.0337,15.6232,0.0900,16778264,,,,,0
4.863579,HD241894,HaKiDaS00039,78.816913,29.285771999999998,3422652536173655936,9.096789,9.85251,8.285009,9.578,6.271,HD241894,4491.07385353,2.3376286589200004,1,-0.266437835854,0.101411291615,-21.7,143140788166962085, 78.816598370, 29.284449170,0.013,0.013,90,276901888,33,55767.924548610,0,10,14.2276,0.1362,13.0038,0.0010,24,14.2383,0.0015,,,16777232,13.3922,0.0068,11.9316,0.0320,16777240,13.4884,0.3173,,,16777240,12.7103,0.0010,11.1414,0.0010,16777240
4.879389,HD241894,HaKiDaS00039,78.816913,29.285771999999998,3422652536173655936,9.096789,9.85251,8.285009,9.578,6.271,HD241894,4491.07385353,2.3376286589200004,1,-0.266437835854,0.101411291615,-21.7,143140788177410855, 78.817663710, 29.284585260,2484.100,1305.970,90,1119354880,133,55937.970613430,1,10,,,,,32,14.3607,0.0211,13.6262,0.2024,16777272,13.5581,0.0054,11.9917,0.1452,16777272,14.4681,0.0024,12.9208,0.0013,16778296,12.8405,0.0010,10.8031,0.0010,16891960
4.867652,HD177830,HaKiDaS00043,286.339213,25.918564,2035963417721248128,6.8865967,7.438053599999999,6.238636,7.183,4.809,HD177830,4713.75697403,3.4000475156200003,1,0.13535628584,0.09119353826269999,12.540179604,139102863383814289,286.338219270, 25.919578600,0.026,0.026,90,276901888,33,55335.672002310,0,3,,,,,0,,,,,0,13.7490,0.1145,11.9336,0.0000,16777240,,,,,0,,,,,0
4.668107,60551,HaKiDaS00046,194.908517,28.931378000000002,1463926962753040512,11.933739,12.21868,11.499977000000001,12.005,10.743,60551,6231.25223375,4.17858365324,2,0.0292646313619,0.046362245116099994,0.6229499087,142711949089789656,194.908988920, 28.932607160,0.012,0.012,90,310456320,37,56018.508854170,0,3,,,,,0,14.8341,0.0534,12.0124,0.0356,16777496,18.8741,0.0271,17.9844,0.0142,4120,,,,,0,,,,,0
3.923310,HD246370,HaKiDaS00048,85.47029599999999,26.041247,3440953387524972416,8.6195345,9.181985000000001,7.942473,8.968,6.487,HD246370,6473.07488885,2.34701149631,1,0.294186282781,0.12229951071799999,-19.61,139240854713779101, 85.471258980, 26.040584370,0.017,0.017,90,268959744,32,55580.901238430,0,4,14.1099,0.0012,13.5146,0.0010,24,9.1803,0.0010,13.8120,0.0010,24,14.4453,0.0023,13.9147,0.0011,4120,,,,,0,,,,,0
3.693073,IOLyr,HaKiDaS00049,275.656233,32.961586,4593112037219674368,11.7637,11.934858,11.298273,13.122,10.444,IOLyr,4601.40649528,2.9138625698799996,0,-1.86419644115,0.320485407135,0.544735619591,147552756549774682,275.655020570, 32.961718420,0.264,0.107,0,444915712,53,56155.970625000,3,8,,,,,16416,21.3752,0.1100,20.5458,0.1704,16892216,20.7900,0.1261,20.2401,0.1787,16892216,20.8445,0.0190,20.4762,0.1493,16892216,,,,,16416
4.385409,HD041994,HaKiDaS00052,92.361088,27.195511,3430248306097176832,7.5072575,8.0925255,6.829928,7.856,5.31,HD041994,5129.6314607,2.29150038639,1,-0.17662234959000003,0.088727572011,-17.0,140630923601564583, 92.360002620, 27.194768070,0.011,0.011,90,276897792,33,56043.334363430,0,8,,,,,0,13.8831,0.0661,12.2644,0.2532,16777240,13.6473,0.0496,12.7874,0.0010,16777240,,,,,0,12.6293,0.0205,10.5420,0.1084,16777240
4.503682,HD041994,HaKiDaS00052,92.361088,27.195511,3430248306097176832,7.5072575,8.0925255,6.829928,7.856,5.31,HD041994,5129.6314607,2.29150038639,1,-0.17662234959000003,0.088727572011,-17.0,140630923602544009, 92.360162170, 27.194569230,0.011,0.011,90,276901888,33,55752.153726850,0,5,14.0951,0.0010,13.4669,0.0011,16777240,,,,,0,,,,,0,12.8901,0.0760,11.2681,0.0405,16777240,12.3286,0.0061,10.2916,0.1118,16777240
4.096645,HD003008,HaKiDaS00053,8.310175,-10.73015,2425521212060616960,8.998602,9.720724,8.216476,9.485,6.417000000000001,HD003008,4222.4719042,0.683286002249,0,-1.81558291933,0.0649649299612,-25.26,95120083096925540,  8.309656730,-10.729132330,0.042,0.042,90,277348352,33,56913.842650460,0,5,,,,,0,13.1774,0.0099,12.5513,0.0657,16777240,8.7236,0.0854,13.1610,0.0606,24,,,,,0,9.3507,0.0010,10.0092,0.0010,24
3.070841,HD189733,HaKiDaS00056,300.176954,22.709111,1827242816201846144,7.4143229999999996,7.913022,6.8080087,7.682,5.541,HD189733,4991.82030554,4.56270611855,1,-0.0254188534864,0.0861302758122,1.8,135253001763730706,300.176352350, 22.708463240,0.007,0.007,0,503635968,60,56000.256562500,5,51,17.5963,0.0063,17.7250,0.0000,115000,16.2878,0.0042,16.1413,0.0633,16892216,15.5923,0.0061,15.7691,0.0254,115000,15.1814,0.0072,,,16892216,14.8400,0.0052,14.6808,0.1491,115000
1.703333,63433,HaKiDaS00059,195.038971,27.915439000000003,1460804762048766848,12.026167999999998,12.24826,11.649758,12.325,10.972000000000001,63433,6156.65552886,3.97148852507,2,-0.9348481547249999,0.0462379060972,0.923566512923,141491950394279341,195.039441810, 27.915664370,0.038,0.034,0,444915712,53,55944.669409720,3,11,,,,,16416,19.1248,0.0197,17.7039,0.0134,16892216,18.6124,0.0162,,,16892216,18.4414,0.1126,16.7402,0.2350,16892216,,,,,16416
4.289035,HE1523-1155,HaKiDaS00062,231.672129,-12.094844,6314934159552034304,13.046553,13.647778,12.323003,13.01,10.748,HE1523-1155,5194.80190886,1.8299080295599996,0,-1.9830931263,0.170443817178,-6.22314269627,93482316709836152,231.670969100,-12.095208870,0.024,0.011,90,503635968,60,55824.244861110,4,57,13.8156,0.0005,13.8743,0.0007,115000,13.1280,,,,114724,12.7740,,,,16420,12.5640,,,,114724,12.4766,0.0019,12.4979,0.0013,115000
4.907859,HD108577,HaKiDaS00064,187.069233,12.346278,3907872613852996864,9.334561,9.770366000000001,8.758916000000001,9.526,7.462999999999999,HD108577,5046.27492506,2.0885041321799998,0,-2.09288652917,0.0753452899191,15.2778463606,122811870698904344,187.069788450, 12.345027340,0.017,0.017,90,268959744,32,56288.454745370,0,5,10.7257,0.0217,12.0893,0.0970,24,,,,,0,8.6684,0.0010,12.1633,0.0010,24,13.1645,0.0015,12.7332,0.0010,16777232,,,,,0
3.092365,17583-100,HaKiDaS00066,325.612796,26.677217,1800455375724578304,12.170608,12.491202000000001,11.676646,12.05,10.657,17583-100,6121.79669443,3.8975214584300004,0,-1.9982881607299998,0.274695216812,17.76,140013256118613139,325.611849430, 26.677067090,0.024,0.020,0,436527104,52,55996.645347220,3,31,,,,,16416,21.8628,0.1638,21.3589,0.2375,16793912,20.8376,0.0198,20.7483,0.0591,16892216,20.2005,0.0218,19.9286,0.0746,115000,19.4761,0.1913,18.3181,0.0000,115000
4.328352,17583-100,HaKiDaS00066,325.612796,26.677217,1800455375724578304,12.170608,12.491202000000001,11.676646,12.05,10.657,17583-100,6121.79669443,3.8975214584300004,0,-1.9982881607299998,0.274695216812,17.76,140013256117034185,325.611840680, 26.678063700,0.215,0.082,0,436527104,52,55654.934606480,4,11,22.2577,0.0694,21.9961,0.2539,115000,21.5482,0.0517,20.6981,0.1205,16892216,21.6402,0.0870,21.0077,0.1636,115000,20.8793,0.1926,,,115000,,,,,16416
0.795735,HD70088,HaKiDaS00067,125.336046,34.310258000000005,903348277956806528,8.30813,8.685255999999999,7.8134227,8.515,6.818,HD70088,5493.43015046,4.46854872495,2,-0.190497471479,0.07289853511080001,28.46,149171253360863126,125.336123560, 34.310469550,0.014,0.014,90,277348352,33,56132.437847220,0,4,,,,,0,,,,,0,13.8706,0.0012,13.6229,0.0010,16781336,13.4480,0.0015,12.2808,0.0010,16777240,,,,,0
2.814897,HD70088,HaKiDaS00067,125.336046,34.310258000000005,903348277956806528,8.30813,8.685255999999999,7.8134227,8.515,6.818,HD70088,5493.43015046,4.46854872495,2,-0.190497471479,0.07289853511080001,28.46,149171253355781949,125.335809030, 34.309500980,0.001,0.001,90,1343750144,160,56100.451377310,5,6,,,,,114720,,,,,114720,8.3459,0.0778,11.5033,0.1105,114736,8.5693,0.0063,13.3616,0.0012,114744,7.8173,0.0220,9.7534,0.0814,114744
2.855862,HD70088,HaKiDaS00067,125.336046,34.310258000000005,903348277956806528,8.30813,8.685255999999999,7.8134227,8.515,6.818,HD70088,5493.43015046,4.46854872495,2,-0.190497471479,0.07289853511080001,28.46,149171253370793040,125.336929710, 34.310568650,0.001,0.001,90,268513280,32,55799.476550930,0,12,,,,,0,13.5474,0.2211,,,16781336,13.9131,0.0000,11.5795,0.0000,16777240,11.5215,0.3321,,,24,10.7348,0.4399,11.0598,0.0136,24
3.365552,HD70088,HaKiDaS00067,125.336046,34.310258000000005,903348277956806528,8.30813,8.685255999999999,7.8134227,8.515,6.818,HD70088,5493.43015046,4.46854872495,2,-0.190497471479,0.07289853511080001,28.46,149171253370983422,125.337056020, 34.310679880,0.016,0.016,90,302145536,36,56368.206678240,0,21,15.2685,0.0019,14.5781,0.0019,16778264,13.1970,0.0652,12.6939,0.0549,24,13.0651,0.0000,,,4120,10.8041,0.0010,12.5655,0.0010,24,10.6655,0.0102,10.8241,0.1026,24
3.517703,HD70088,HaKiDaS00067,125.336046,34.310258000000005,903348277956806528,8.30813,8.685255999999999,7.8134227,8.515,6.818,HD70088,5493.43015046,4.46854872495,2,-0.190497471479,0.07289853511080001,28.46,149171253365482175,125.336650400, 34.309418020,0.013,0.013,90,276901888,33,56259.992303240,0,4,,,,,0,,,,,0,13.8146,0.0444,11.0571,0.0340,16777240,,,,,0,9.7975,0.0011,10.2015,0.0010,16
3.734124,HD70088,HaKiDaS00067,125.336046,34.310258000000005,903348277956806528,8.30813,8.685255999999999,7.8134227,8.515,6.818,HD70088,5493.43015046,4.46854872495,2,-0.190497471479,0.07289853511080001,28.46,149171253350641963,125.334972620, 34.309719650,0.025,0.025,90,276901888,33,55911.546203700,0,7,13.1531,0.1213,13.0895,0.0275,16777240,13.9020,0.1513,12.3140,0.0040,16777240,13.9374,0.0012,11.9085,0.0010,16777240,,,,,0,12.5149,0.0018,,,24
4.773039,HD70088,HaKiDaS00067,125.336046,34.310258000000005,903348277956806528,8.30813,8.685255999999999,7.8134227,8.515,6.818,HD70088,5493.43015046,4.46854872495,2,-0.190497471479,0.07289853511080001,28.46,149171253372053746,125.337333600, 34.311049660,0.016,0.016,90,1417830400,169,56114.646666670,0,3,8.4340,,,,4,8.4390,,,,16420,8.5290,,,,16420,8.6370,,,,16420,8.6870,,,,4
4.911332,HD70088,HaKiDaS00067,125.336046,34.310258000000005,903348277956806528,8.30813,8.685255999999999,7.8134227,8.515,6.818,HD70088,5493.43015046,4.46854872495,2,-0.190497471479,0.07289853511080001,28.46,149171253356181320,125.335627190, 34.308938330,0.017,0.017,90,276901888,33,55508.647013890,0,4,,,,,0,13.5980,0.1162,12.8501,0.0010,16781336,,,,,0,13.4072,0.0012,12.1941,0.0010,16777240,,,,,0
1.706052,HE1425-2052,HaKiDaS00073,217.164796,-21.101842,6282682322413339136,11.968577999999999,12.728531,11.143703,12.6,9.273,HE1425-2052,4166.09381212,0.562414334687,0,-1.41463446301,0.136870605324,-10.873736038099999,82672171647968746,217.164837490,-21.101369680,0.111,0.045,90,1141170176,136,55265.392604170,6,73,13.0170,,,,114724,12.0710,,,,32804,11.6280,,,,32804,11.3500,,,,65572,11.2040,,,,98340
1.545601,M13L70,HaKiDaS00078,250.346258,36.503478,1328105150377778048,11.524046,12.356897,10.64904,12.22,8.526,M13L70,3883.22649779,0.37202103314900004,0,-1.5091799853499999,0.095304109765,-3.45703162046,151802503460135217,250.346068030, 36.503879260,0.009,0.009,90,268959744,32,56902.269537040,0,3,,,,,0,,,,,0,16.2073,0.2748,,,24,,,,,0,,,,,0
2.627940,M13L70,HaKiDaS00078,250.346258,36.503478,1328105150377778048,11.524046,12.356897,10.64904,12.22,8.526,M13L70,3883.22649779,0.37202103314900004,0,-1.5091799853499999,0.095304109765,-3.45703162046,151802503459465654,250.345837870, 36.504125170,0.072,0.024,0,436527104,52,55948.786886570,2,17,19.2431,0.0392,17.3644,0.0150,16892216,18.9253,0.0198,18.0641,0.0167,16892216,18.6901,0.0147,,,16793912,,,,,16416,,,,,16416
4.588343,M13L70,HaKiDaS00078,250.346258,36.503478,1328105150377778048,11.524046,12.356897,10.64904,12.22,8.526,M13L70,3883.22649779,0.37202103314900004,0,-1.5091799853499999,0.095304109765,-3.45703162046,151802503470393392,250.346981380, 36.502343830,0.098,0.045,0,444915712,53,56053.092928240,4,55,18.8607,0.0384,18.3580,0.0745,16892216,18.6563,0.0207,18.1181,0.0531,16892216,18.5673,0.0151,17.9914,0.0310,16892216,18.5273,0.0255,17.0870,0.0265,16892216,18.3785,0.0300,16.6593,0.0797,16793912
2.455773,HD237846,HaKiDaS00079,148.158362,57.91731899999999,1049376272667191552,9.704123,10.14206,9.124033,9.954,7.815,HD237846,4988.50931336,2.20725071072,0,-2.8754727152599995,0.109599999913,-9.24137395939,177501481591562113,148.159089250, 57.917881260,0.010,0.010,90,268959744,32,56055.272337960,0,3,,,,,0,,,,,0,,,,,0,14.4961,,13.7571,0.0011,24,,,,,0
3.627250,HD237846,HaKiDaS00079,148.158362,57.91731899999999,1049376272667191552,9.704123,10.14206,9.124033,9.954,7.815,HD237846,4988.50931336,2.20725071072,0,-2.8754727152599995,0.109599999913,-9.24137395939,177501481595070529,148.159693360, 57.916601270,0.009,0.009,90,277348352,33,56439.575497690,0,3,,,,,0,,,,,0,,,,,0,14.9030,0.0976,13.6210,0.1879,16777240,,,,,0
3.288678,BD+102495,HaKiDaS00080,194.832079,9.244778,3734341989334114304,9.4815445,9.923442,8.898108500000001,9.736,7.571000000000001,BD+102495,4983.54613863,2.42202600765,0,-2.0072775592,0.0551959548367,18.8156888719,119091948331834591,194.832913180,  9.245173760,0.017,0.017,90,302067712,36,56356.607361110,0,5,,,,,24,17.9151,0.1537,17.7738,0.0073,4120,17.9038,0.0079,,,280,15.8153,0.0071,15.0237,0.0038,4120,,,,,0
3.737905,BD+102495,HaKiDaS00080,194.832079,9.244778,3734341989334114304,9.4815445,9.923442,8.898108500000001,9.736,7.571000000000001,BD+102495,4983.54613863,2.42202600765,0,-2.0072775592,0.0551959548367,18.8156888719,119091948324493178,194.832654320,  9.243908730,0.019,0.019,90,276901888,33,56019.400104170,0,5,,,,,0,12.8005,0.0010,12.4932,0.0010,16777240,14.2344,0.0632,12.5188,0.0755,16777240,,,,,0,,,,,0
0.646615,BD+12.2547,HaKiDaS00089,196.026492,11.436872,3736909550847197824,9.624098,10.158474,8.962007,9.887,7.445,BD+12.2547,4672.47872181,1.75783310303,0,-1.62203034443,0.116132725317,-25.7185735041,121721960264314920,196.026664140, 11.436933600,0.015,0.015,90,310452224,37,56019.361712960,0,5,12.2424,0.0519,11.3366,0.0942,16777752,12.9782,0.0010,9.9855,0.0010,16777240,15.6016,0.0022,,,16777240,16.2299,0.0072,13.4261,0.0022,4120,,,,,0
3.724585,BD+12.2547,HaKiDaS00089,196.026492,11.436872,3736909550847197824,9.624098,10.158474,8.962007,9.887,7.445,BD+12.2547,4672.47872181,1.75783310303,0,-1.62203034443,0.116132725317,-25.7185735041,121721960275085316,196.027439400, 11.437328220,0.136,0.136,90,268513280,32,55222.500729170,0,11,10.3709,0.0264,11.9350,0.0634,88,10.0425,0.0015,11.7207,0.0720,88,9.4778,0.0010,11.7163,0.0010,88,10.1869,0.0010,11.9088,0.0012,88,10.8545,0.0374,10.2641,0.0316,16777304
3.938875,BD+12.2547,HaKiDaS00089,196.026492,11.436872,3736909550847197824,9.624098,10.158474,8.962007,9.887,7.445,BD+12.2547,4672.47872181,1.75783310303,0,-1.62203034443,0.116132725317,-25.7185735041,121721960271305477,196.026996920, 11.437847810,0.011,0.011,90,276901888,33,55973.776759260,0,6,,,,,0,,,,,0,14.5946,0.0014,12.4585,0.0010,16777240,13.0400,0.2477,11.5193,0.0138,16777240,12.8464,0.0020,11.9471,0.0022,16781336
4.648101,BD+12.2547,HaKiDaS00089,196.026492,11.436872,3736909550847197824,9.624098,10.158474,8.962007,9.887,7.445,BD+12.2547,4672.47872181,1.75783310303,0,-1.62203034443,0.116132725317,-25.7185735041,121721960277184907,196.027804670, 11.436980110,0.016,0.016,90,276901888,33,56019.503148150,0,3,,,,,0,15.2280,0.0021,12.6612,0.0010,16777240,14.4811,0.0016,,,16777240,,,,,0,10.2076,0.0010,11.1235,0.0010,16
4.685928,BD+12.2547,HaKiDaS00089,196.026492,11.436872,3736909550847197824,9.624098,10.158474,8.962007,9.887,7.445,BD+12.2547,4672.47872181,1.75783310303,0,-1.62203034443,0.116132725317,-25.7185735041,121721960275676049,196.027496000, 11.437724000,0.050,0.050,90,1409359872,168,51627.273194440,5,25,10.2980,,,,114724,9.5790,,,,114724,9.3330,,,,114724,9.2220,,,,114724,9.1330,,,,114724
3.739472,G59-27,HaKiDaS00090,189.16581299999999,27.474814000000002,3962435539076449536,10.731667999999999,10.978954,10.339457000000001,10.75,9.56,G59-27,6579.65964509,4.18538497858,0,-1.7662344879799998,0.11657450772299999,-19.92,140961891651879323,189.165207800, 27.473924800,0.012,0.012,90,277348352,33,55250.055046300,0,3,16.7316,0.0051,,,16781336,,,,,0,17.7516,0.0130,,,16781336,,,,,0,17.5627,0.0660,,,16781328
4.893040,G59-27,HaKiDaS00090,189.16581299999999,27.474814000000002,3962435539076449536,10.731667999999999,10.978954,10.339457000000001,10.75,9.56,G59-27,6579.65964509,4.18538497858,0,-1.7662344879799998,0.11657450772299999,-19.92,140961891637389366,189.164343230, 27.474430670,0.000,0.000,90,302514176,36,51989.449780090,0,25,11.7110,0.0038,12.3922,0.1311,88,12.4506,0.0012,12.4116,0.0010,88,11.2593,0.0010,,,80,10.5768,0.0525,12.2978,0.1221,88,11.7310,0.0000,11.2442,0.0000,16777816
2.539455,HD28185,HaKiDaS00095,66.61071700000001,-10.552261,3179384931394690304,7.6268163,8.00651,7.134158599999999,7.819,6.184,HD28185,5760.45544465,4.42700571719,2,0.215252499469,0.0563331594183,-10.6512181418,95330666100787884, 66.610054780,-10.551989400,0.025,0.025,90,276901888,33,56535.624293980,0,5,,,,,0,10.2773,0.0010,13.4383,0.0010,24,13.6042,0.0193,,,16777240,13.5932,0.0011,12.2862,0.0010,16777240,,,,,0
4.148930,HD28185,HaKiDaS00095,66.61071700000001,-10.552261,3179384931394690304,7.6268163,8.00651,7.134158599999999,7.819,6.184,HD28185,5760.45544465,4.42700571719,2,0.215252499469,0.0563331594183,-10.6512181418,95330666105059001, 66.610532960,-10.551122810,0.031,0.031,90,268513280,32,55936.366770830,0,6,8.3531,0.0261,11.7749,0.2303,24,,,,,0,8.1695,0.0000,13.3456,0.0010,24,,,,,0,11.9537,0.1871,9.3215,0.1436,16777240
0.979538,HD179949,HaKiDaS00097,288.890083,-24.181667,6770313530317154560,6.1039176,6.403946400000001,5.6949477,6.246,4.935,HD179949,6072.88612659,4.2583001169,2,0.0946401780679,0.0688618284823,23.1860338071,78982888897482144,288.889823250,-24.181800740,0.014,0.014,90,268959744,32,55515.373599540,0,3,,,,,0,14.3576,0.2593,,,24,7.5468,0.0029,,,16,,,,,0,,,,,0
4.261674,HD179949,HaKiDaS00097,288.890083,-24.181667,6770313530317154560,6.1039176,6.403946400000001,5.6949477,6.246,4.935,HD179949,6072.88612659,4.2583001169,2,0.0946401780679,0.0688618284823,23.1860338071,78982888891642904,288.889011990,-24.180998580,0.013,0.013,90,276901888,33,56038.623194440,0,3,,,,,0,,,,,0,,,,,0,13.1786,0.0431,,,16777240,,,,,24
3.692917,BD+06648,HaKiDaS00099,63.305025,6.602186,3297303572040367232,8.5714,9.326581,7.752847,9.073,5.797999999999999,BD+06648,4325.18739496,0.911801856592,0,-2.06950291194,0.0512201949909,-7.17139252305,115920633049661699, 63.304809100,  6.601182860,0.043,0.043,90,276901888,33,56555.565416670,0,7,,,,,0,13.8315,0.0013,12.1843,0.0010,16777232,,,,,0,,,,,0,12.8453,0.3298,10.8844,0.2263,16781336
3.703158,HD19994,HaKiDaS00107,48.194212,-1.197514,3265335443260522112,4.884942,5.23272,4.5306287,5.079,3.748,HD19994,6042.30741287,4.05376841234,2,0.0707357672863,0.096051540575,-19.1383826767,106560481936152569, 48.193476050, -1.198232850,0.027,0.027,90,276897792,33,55766.659097220,0,4,,,,,0,13.3848,0.0859,,,16777240,6.6259,0.0062,14.6114,0.0015,24,,,,,0,12.8834,0.0010,9.5544,0.0010,16777240
4.826763,HD19994,HaKiDaS00107,48.194212,-1.197514,3265335443260522112,4.884942,5.23272,4.5306287,5.079,3.748,HD19994,6042.30741287,4.05376841234,2,0.0707357672863,0.096051540575,-19.1383826767,106560481930462627, 48.193063440, -1.198206130,0.019,0.019,90,276897792,33,55633.038981480,0,4,12.5539,0.0012,10.0766,0.0010,16781328,13.1607,0.0010,9.9157,0.0010,16777240,13.6695,0.0227,9.5742,0.0010,16777240,,,,,0,,,,,0
1.521300,M4L2406,HaKiDaS00113,245.881508,-26.451033000000002,6045478425497018240,10.04347,11.147194,9.05273,10.68,6.257000000000001,M4L2406,3917.5921134000005,0.772262337779,0,-1.41886456287,0.265645275006,-28.98,76252458810089039,245.881054070,-26.451148790,0.039,0.029,90,310697984,37,56115.067291670,0,19,18.6791,0.0691,18.3221,0.0139,16777496,17.6374,0.0167,17.2406,0.0971,16777496,17.2487,0.0090,16.4564,0.0683,16777496,17.0659,0.0134,,,16777496,,,,,0
3.983386,M4L2406,HaKiDaS00113,245.881508,-26.451033000000002,6045478425497018240,10.04347,11.147194,9.05273,10.68,6.257000000000001,M4L2406,3917.5921134000005,0.772262337779,0,-1.41886456287,0.265645275006,-28.98,76262458810110386,245.880988280,-26.450029100,0.001,0.001,90,310452224,37,55974.280092590,0,4,20.4109,0.0488,18.5905,0.0243,16777752,,,,,0,18.2848,0.0317,16.6878,0.2142,16777496,,,,,0,,,,,0
4.673211,M4L2406,HaKiDaS00113,245.881508,-26.451033000000002,6045478425497018240,10.04347,11.147194,9.05273,10.68,6.257000000000001,M4L2406,3917.5921134000005,0.772262337779,0,-1.41886456287,0.265645275006,-28.98,76252458799939032,245.880061420,-26.451120750,0.016,0.016,90,268959744,32,55620.253391200,0,3,,,,,0,,,,,0,,,12.6999,0.0010,24,12.8815,0.0010,,,24,12.3372,0.0010,,,24
4.977551,M4L2406,HaKiDaS00113,245.881508,-26.451033000000002,6045478425497018240,10.04347,11.147194,9.05273,10.68,6.257000000000001,M4L2406,3917.5921134000005,0.772262337779,0,-1.41886456287,0.265645275006,-28.98,76252458807187740,245.880695530,-26.452208840,0.011,0.007,90,839180288,100,56070.713668980,5,46,15.7085,0.0020,15.7323,0.0089,16892216,14.6605,0.0004,14.7124,0.0020,16892216,14.2047,0.0012,,,115000,13.8969,0.0376,12.6087,0.0010,16892216,13.4059,0.0538,,,16892216
3.770420,HD232078,HaKiDaS00117,294.552038,16.809207999999998,4321939248248701824,12.549799,14.033743,11.365764,13.72,8.067,HD232078,4356.51981952,0.176730157621,0,-1.6789436490399998,0.36856252723099997,-18.43,128172945524740192,294.552221580, 16.808175510,0.011,0.011,90,310456320,37,56150.292395830,0,3,,,,,0,16.8011,0.0039,15.0467,0.0032,16778264,,,,,0,13.4218,0.0010,,,16,,,,,0
4.285729,HD232078,HaKiDaS00117,294.552038,16.809207999999998,4321939248248701824,12.549799,14.033743,11.365764,13.72,8.067,HD232078,4356.51981952,0.176730157621,0,-1.6789436490399998,0.36856252723099997,-18.43,128172945533151039,294.553235720, 16.808887570,0.012,0.012,90,310456320,37,56150.292430560,0,3,,,,,0,17.8023,0.0006,16.0685,0.2309,16778264,,,,,0,,,,,0,,,17.4350,0.0350,24
1.165994,HE1429-0551,HaKiDaS00121,218.130025,-6.083544,6331867944289331584,12.403445,13.017176,11.685103,12.75,10.066,HE1429-0551,4547.973412300001,1.5140779959900001,0,-1.7340277774900001,0.276114340635,-12.8029854438,100702181303700287,218.130338610, -6.083456500,0.073,0.064,90,906289152,108,55619.595231480,5,85,13.2070,0.0011,13.2542,0.0012,16892216,12.7930,,,,114724,12.3210,,,,114724,12.0100,,,,114724,11.8780,,,,114724
3.957175,LP894-3,HaKiDaS00127,89.46362099999999,-30.898047,2891152566675457280,11.090009,11.368361,10.65858,11.345,9.767000000000001,LP894-3,5722.392325899999,4.25008476921,0,-1.55693584329,0.06001282346419999,-15.5421621982,70920894647152055, 89.464807610,-30.898461160,0.058,0.033,0,444915712,53,56874.735439810,3,21,,,,,16416,20.7132,0.1824,21.0507,0.1099,115256,20.0757,0.0256,19.7458,0.0209,16892216,19.7701,0.0891,18.6476,0.0389,16892216,19.2350,0.1517,18.4420,0.1669,16793912
4.931422,HD233832,HaKiDaS00130,171.523217,50.376664,790236569003888000,9.945572,10.418604,9.346544,10.128,8.012,HD233832,5028.57329435,4.60486929411,0,-1.07534330859,0.267190531049,-19.71,168451715214082048,171.521260370, 50.376098850,0.011,0.011,90,310456320,37,56555.508252310,0,5,15.3341,0.0098,14.1564,0.0269,16778264,15.5939,0.0075,14.0427,0.0017,16777240,,,,,0,,,,,0,15.4415,0.0083,,,16777240
1.844036,HD12661,HaKiDaS00131,31.143217,25.412364,105332908999068032,7.24746,7.628574,6.7626029999999995,7.433,5.86,HD12661,5800.8714953,4.33900446871,2,0.28306239484,0.058194645646400006,-22.417422766799998,138490311432556002, 31.143307210, 25.412869710,0.028,0.028,90,276901888,33,56236.445138890,0,5,,,,,0,,,,,0,13.6466,0.0277,11.6832,0.0624,16777240,,,,,0,,,,,0
2.590226,HD12661,HaKiDaS00131,31.143217,25.412364,105332908999068032,7.24746,7.628574,6.7626029999999995,7.433,5.86,HD12661,5800.8714953,4.33900446871,2,0.28306239484,0.058194645646400006,-22.417422766799998,138490311428076054, 31.142855650, 25.413005220,0.036,0.036,90,276897792,33,56287.682048610,0,5,,,,,0,,,,,0,,,,,0,11.8429,0.0374,10.8452,0.0406,16777240,11.7301,0.0444,9.2582,0.0085,16777240
3.646611,HD12661,HaKiDaS00131,31.143217,25.412364,105332908999068032,7.24746,7.628574,6.7626029999999995,7.433,5.86,HD12661,5800.8714953,4.33900446871,2,0.28306239484,0.058194645646400006,-22.417422766799998,138490311431036613, 31.143133560, 25.413374140,0.092,0.092,90,276901888,33,55582.283298610,0,3,,,,,0,,,,,0,,,,,0,12.6792,0.0010,10.9609,0.0010,16777240,11.2245,0.1513,9.2146,0.0008,16777232
1.439169,M13III-59,HaKiDaS00132,250.40145800000002,36.417589,1328056630126385536,12.150222,12.838762,11.365731,10.91,9.512,M13III-59,5993.85921485,0.9395238889830001,0,-2.11982222429,0.331237006699,-15.68,151702504019691956,250.401891740, 36.417783910,0.154,0.079,0,436527104,52,55888.229340280,1,12,19.1127,0.0021,18.6432,0.0176,16696,18.8727,0.0098,12.3574,0.0010,115000,18.5314,0.0886,17.3874,0.0000,16793912,,,,,16416,,,,,16416
3.782916,M13III-59,HaKiDaS00132,250.40145800000002,36.417589,1328056630126385536,12.150222,12.838762,11.365731,10.91,9.512,M13III-59,5993.85921485,0.9395238889830001,0,-2.11982222429,0.331237006699,-15.68,151702504025412602,250.402431440, 36.418289420,0.211,0.179,0,436527104,52,56164.096261570,1,11,19.3122,0.0251,20.6769,0.1089,16696,18.4364,0.0099,16.4288,0.0071,115000,18.2535,0.1632,17.8686,0.0139,16696,,,,,16416,,,,,16416
4.131539,M13III-59,HaKiDaS00132,250.40145800000002,36.417589,1328056630126385536,12.150222,12.838762,11.365731,10.91,9.512,M13III-59,5993.85921485,0.9395238889830001,0,-2.11982222429,0.331237006699,-15.68,151702504002822457,250.400260710, 36.418212560,0.049,0.020,0,436527104,52,55969.566539350,3,46,17.9950,0.0176,17.0777,0.0074,115000,17.6339,0.0218,12.4257,0.0000,115000,17.3699,0.0295,11.9604,0.0010,16892216,17.4178,0.0321,16.9036,0.0096,16696,18.5980,,16.9277,0.0285,16793912
4.608688,M13III-59,HaKiDaS00132,250.40145800000002,36.417589,1328056630126385536,12.150222,12.838762,11.365731,10.91,9.512,M13III-59,5993.85921485,0.9395238889830001,0,-2.11982222429,0.331237006699,-15.68,151702504020970298,250.401867230, 36.416351890,0.054,0.019,0,444915712,53,56034.374606480,5,70,18.5274,0.0728,19.0164,0.1143,115000,18.3694,0.0167,18.0569,0.1360,16892216,18.1548,0.0295,17.8499,0.1695,16892216,18.2080,0.0390,17.6588,0.0449,16892216,18.1445,0.0384,17.6890,0.1198,16892216
4.913872,M13III-59,HaKiDaS00132,250.40145800000002,36.417589,1328056630126385536,12.150222,12.838762,11.365731,10.91,9.512,M13III-59,5993.85921485,0.9395238889830001,0,-2.11982222429,0.331237006699,-15.68,151702504030681067,250.403005950, 36.417030910,0.015,0.015,90,310534144,37,55821.955752310,0,8,,,,,0,19.6381,0.0108,19.3565,0.1509,16777496,19.2602,0.0237,18.5754,0.0293,16778264,19.3381,0.0041,19.1450,0.1291,16778264,,,,,0
4.998768,M13III-59,HaKiDaS00132,250.40145800000002,36.417589,1328056630126385536,12.150222,12.838762,11.365731,10.91,9.512,M13III-59,5993.85921485,0.9395238889830001,0,-2.11982222429,0.331237006699,-15.68,151702504016263404,250.401594740, 36.418973180,0.007,0.007,90,847327232,101,56231.561099540,1,6,,,,,114720,16.3123,0.0047,,,16793912,15.1472,0.0133,14.6505,0.0031,16793656,15.8986,0.0054,15.3948,0.0110,16793904,,,,,16416
3.997959,HD251432,HaKiDaS00136,91.507013,25.284439000000003,3426593696946130816,8.993155999999999,9.671655,8.236854,9.443,6.431,HD251432,4498.13617046,2.10744611906,1,-0.165666242368,0.107978309252,-17.36,138340915078300781, 91.507826180, 25.283606730,0.011,0.011,90,277348352,33,55901.611458330,0,3,,,,,0,,,,,0,15.2740,0.2130,13.3021,0.2769,16781336,,,,,0,,,,,0
4.239258,HD251432,HaKiDaS00136,91.507013,25.284439000000003,3426593696946130816,8.993155999999999,9.671655,8.236854,9.443,6.431,HD251432,4498.13617046,2.10744611906,1,-0.165666242368,0.107978309252,-17.36,138340915066170576, 91.506594320, 25.283323940,0.019,0.019,90,276897792,33,56994.565868060,0,3,,,,,0,,,,,0,13.4803,0.0166,,,16777240,,,,,0,,,,,0
1.551425,HD37828,HaKiDaS00140,85.228308,-11.198511,3010244175773318144,6.4824867,7.135217999999999,5.7474914,6.876,4.064,HD37828,4525.3620574,1.34252609994,0,-1.42107109584,0.07732347562089999,-17.4,94560852284291713, 85.228387590,-11.198934820,0.020,0.020,90,813772800,97,57003.417974540,1,7,,,,,16416,12.4149,0.0010,10.9344,0.0010,16797752,13.6206,0.0011,11.0577,0.0387,16793656,,,,,114720,,,,,16416
2.091150,HD37828,HaKiDaS00140,85.228308,-11.198511,3010244175773318144,6.4824867,7.135217999999999,5.7474914,6.876,4.064,HD37828,4525.3620574,1.34252609994,0,-1.42107109584,0.07732347562089999,-17.4,94560852282511380, 85.228262930,-11.199090190,0.384,0.139,0,277143552,33,55855.289849540,0,13,12.1527,0.0010,11.5361,0.0010,16777232,,,,,0,13.1140,0.0011,11.0170,0.0010,16777232,12.6068,0.0793,10.5063,0.0455,16777240,11.7395,0.0246,9.3752,0.2123,16777240
2.797085,HD37828,HaKiDaS00140,85.228308,-11.198511,3010244175773318144,6.4824867,7.135217999999999,5.7474914,6.876,4.064,HD37828,4525.3620574,1.34252609994,0,-1.42107109584,0.07732347562089999,-17.4,94560852278531820, 85.227746940,-11.199059420,0.170,0.170,90,276901888,33,55464.615810190,0,9,,,,,0,12.0183,0.0737,10.9624,0.0758,16777232,13.3331,0.1113,11.0587,0.0225,16777240,13.5727,0.0541,11.7017,0.2477,16777240,10.9842,0.0010,,,16777240
2.896353,HD37828,HaKiDaS00140,85.228308,-11.198511,3010244175773318144,6.4824867,7.135217999999999,5.7474914,6.876,4.064,HD37828,4525.3620574,1.34252609994,0,-1.42107109584,0.07732347562089999,-17.4,94560852276551254, 85.227786940,-11.199132310,0.001,0.001,90,1083703296,129,56044.520034720,2,3,,,,,32,12.5552,0.0010,11.6545,0.0010,16777264,7.5214,0.0010,14.1850,0.0015,98360,,,,,32,4.3418,0.0010,,,56
3.236881,HD37828,HaKiDaS00140,85.228308,-11.198511,3010244175773318144,6.4824867,7.135217999999999,5.7474914,6.876,4.064,HD37828,4525.3620574,1.34252609994,0,-1.42107109584,0.07732347562089999,-17.4,94560852284941103, 85.228557650,-11.199376140,0.018,0.018,90,276897792,33,56300.408009260,0,3,,,,,0,13.6337,0.0809,11.4235,0.0028,16777240,13.1856,0.0011,11.2353,0.0010,16777232,,,,,0,,,,,0
3.520163,HD37828,HaKiDaS00140,85.228308,-11.198511,3010244175773318144,6.4824867,7.135217999999999,5.7474914,6.876,4.064,HD37828,4525.3620574,1.34252609994,0,-1.42107109584,0.07732347562089999,-17.4,94560852273241855, 85.227352060,-11.198788100,0.015,0.015,90,276897792,33,56275.577731480,0,4,12.2292,0.0010,,,16777232,,,,,0,13.7719,0.0010,11.3638,0.0010,16777240,13.0303,0.0011,,,16777240,12.4953,0.0012,9.1509,0.0010,16777240
1.978974,HD46375,HaKiDaS00142,98.304796,5.463444,3131777319158581376,7.695335000000001,8.152191,7.134639999999999,7.919,6.0,HD46375,5217.6914458,4.42238811313,2,0.141463091869,0.0828523547633,5.97394124395,114550983042815938, 98.304417480,  5.463043740,0.010,0.010,90,277348352,33,55949.910682870,0,3,15.7813,0.3427,13.9963,0.0000,16781336,,,,,0,,,,,0,14.2694,0.0015,13.5957,0.0016,24,,,,,0
0.828657,M13III-52,HaKiDaS00143,250.3934,36.416,1328057390341058304,12.227196000000001,12.901237,11.446795,12.09,9.621,M13III-52,4617.09775631,0.753894005538,0,-1.56810402338,0.0956170371566,-15.68,151692503936759662,250.393587630, 36.415826260,0.036,0.023,0,436527104,52,56069.189733800,3,30,19.3542,0.0242,19.4511,0.0310,16892216,19.3828,0.0493,19.1858,0.0379,16892216,19.0261,0.0172,15.2301,0.0000,16892216,18.9522,0.0636,16.4425,0.0143,16696,18.9937,0.0398,19.1039,0.0579,16688
3.871160,M13III-52,HaKiDaS00143,250.3934,36.416,1328057390341058304,12.227196000000001,12.901237,11.446795,12.09,9.621,M13III-52,4617.09775631,0.753894005538,0,-1.56810402338,0.0956170371566,-15.68,151702503921840109,250.392089230, 36.416209020,0.087,0.069,0,436527104,52,56100.074189810,5,37,18.9195,0.0141,19.0575,0.0324,115000,18.7705,0.0304,18.2406,0.0000,16892216,18.5436,0.0209,12.2009,0.0010,115000,18.5088,0.0252,15.9346,0.0094,16892216,,,,,114720
4.143706,M13III-52,HaKiDaS00143,250.3934,36.416,1328057390341058304,12.227196000000001,12.901237,11.446795,12.09,9.621,M13III-52,4617.09775631,0.753894005538,0,-1.56810402338,0.0956170371566,-15.68,151692503946389088,250.394656270, 36.415449700,0.147,0.124,90,444915712,53,56075.851469910,5,64,19.0673,0.0544,18.7293,0.0423,16892216,18.6490,0.0653,18.4392,0.0429,16892216,18.4861,0.0219,18.1921,0.1334,16892216,18.4288,0.0057,18.2335,0.0379,16892216,18.5107,0.0303,18.1039,0.0399,16892216
4.435421,M13III-52,HaKiDaS00143,250.3934,36.416,1328057390341058304,12.227196000000001,12.901237,11.446795,12.09,9.621,M13III-52,4617.09775631,0.753894005538,0,-1.56810402338,0.0956170371566,-15.68,151692503932088376,250.393204930, 36.414777980,0.011,0.009,0,436527104,52,55992.721331020,5,86,18.1251,0.0184,18.0840,0.0239,16892216,17.8674,0.0098,17.8450,0.0274,115000,17.7595,0.0099,17.6760,0.0700,16892216,17.7879,0.0101,17.7474,0.0229,16892216,17.8136,0.0192,17.7166,0.0391,115000
2.385172,G154-34,HaKiDaS00147,268.993721,-16.405697,4144902513074822272,13.516855,15.567542000000001,12.163282,14.97,8.236,G154-34,3550.54352446,-1.02993361515,0,-2.6252093264,0.23235102105,-17.02,88312689940464257,268.994088150,-16.405135820,0.094,0.082,90,436527104,52,55924.784490740,10,33,20.3598,0.0747,20.6538,0.0761,115000,19.3376,0.0118,19.4967,0.0424,115000,18.6694,0.0013,18.7297,0.0057,115000,18.3254,0.0102,18.3605,0.0330,115000,18.0542,0.1774,17.7497,0.0332,16892216
3.176820,G154-34,HaKiDaS00147,268.993721,-16.405697,4144902513074822272,13.516855,15.567542000000001,12.163282,14.97,8.236,G154-34,3550.54352446,-1.02993361515,0,-2.6252093264,0.23235102105,-17.02,88312689946003294,268.994601590,-16.405952220,0.069,0.069,90,436363264,52,56180.325694440,1,4,,,,,16416,,,,,114720,21.5326,0.1652,,,16696,20.5979,0.0396,,,16696,,,,,16416
4.314661,G154-34,HaKiDaS00147,268.993721,-16.405697,4144902513074822272,13.516855,15.567542000000001,12.163282,14.97,8.236,G154-34,3550.54352446,-1.02993361515,0,-2.6252093264,0.23235102105,-17.02,88312689929132400,268.992943200,-16.406634940,0.025,0.023,0,570744832,68,55698.408993060,6,13,,,,,16416,20.9714,0.1121,20.5334,0.1522,16875832,20.3219,0.0383,,,16696,20.1073,0.1127,19.9421,0.2644,16696,,,,,16416
4.973515,HD23596,HaKiDaS00149,56.999658,40.529431,224870885460646016,7.1035576,7.425822,6.670971000000001,7.252999999999999,5.872999999999999,HD23596,5975.97705119,4.122591957169999,2,0.226325697335,0.04373879917719999,-11.018553111400001,156630570007046898, 57.000972420, 40.530385220,0.052,0.052,90,276901888,33,55812.632106480,0,4,,,,,0,,,,,0,10.0406,0.0010,,,24,12.4789,0.0010,12.4504,0.0010,16777240,11.7030,0.1601,10.0394,0.2212,16777240
1.922127,V1720Cyg,HaKiDaS00150,316.918908,48.85565,2165582988083680640,7.49004,7.988898299999999,6.881553,7.734,5.532,V1720Cyg,5563.95572024,2.84219262584,1,-0.348859140886,0.0897278532908,7.83,166623169183426697,316.918426240, 48.855220350,0.020,0.020,90,276901888,33,56528.367442130,0,3,12.7167,0.0010,12.4243,0.0010,16777240,13.9002,0.0092,12.2219,0.0189,16777240,,,,,0,,,,,0,,,,,0
1.925594,V1720Cyg,HaKiDaS00150,316.918908,48.85565,2165582988083680640,7.49004,7.988898299999999,6.881553,7.734,5.532,V1720Cyg,5563.95572024,2.84219262584,1,-0.348859140886,0.0897278532908,7.83,166623169180517219,316.918118250, 48.855523130,0.018,0.018,90,276901888,33,56058.990844910,0,5,,,,,0,13.2580,0.0010,,,16777240,,,,,0,12.8172,0.1191,,,16777240,11.8674,0.2715,10.7840,0.0010,16777240
2.129263,V1720Cyg,HaKiDaS00150,316.918908,48.85565,2165582988083680640,7.49004,7.988898299999999,6.881553,7.734,5.532,V1720Cyg,5563.95572024,2.84219262584,1,-0.348859140886,0.0897278532908,7.83,166623169179717846,316.918111460, 48.855924150,0.015,0.015,90,276901888,33,56524.402986110,0,3,,,,,0,,,,,0,14.0621,0.0670,,,16777240,,,,,0,12.9614,0.0014,12.5390,0.0011,16777232
4.619996,V1720Cyg,HaKiDaS00150,316.918908,48.85565,2165582988083680640,7.49004,7.988898299999999,6.881553,7.734,5.532,V1720Cyg,5563.95572024,2.84219262584,1,-0.348859140886,0.0897278532908,7.83,166623169168696990,316.917066000, 48.855228000,0.052,0.052,90,1409359872,168,51707.402696760,2,6,8.0690,,,,114788,7.4730,,,,68,7.2280,,,,68,7.0990,,,,68,7.0390,,,,114788
3.984103,HD252370,HaKiDaS00152,92.410088,28.362433000000003,3436564347563108480,8.680675500000001,9.330397,7.946633,9.035,6.268,HD252370,4943.79823468,2.31873539225,1,-0.40455613868699997,0.113280882504,-16.97,142030924098084115, 92.409815270, 28.361352640,0.016,0.016,90,276901888,33,55894.355092590,0,5,14.1673,0.0014,12.4335,0.0010,16777240,13.9291,0.0011,12.4731,0.0010,16777240,13.7551,0.1544,12.8992,0.0000,16777240,,,,,0,,,,,0
4.140345,HD209458,HaKiDaS00155,330.791533,18.881097,1779546757669063552,7.5086603,7.8127135999999995,7.089648700000001,7.641,6.307,HD209458,6029.5642628,4.30432674797,2,-0.0617011586505,0.0496737330088,-20.7324052573,130653307904977777,330.790319920, 18.881024480,0.009,0.009,90,310456320,37,56625.885439810,0,6,18.6831,0.0051,15.0041,0.0203,16778264,,,,,0,18.6643,0.0952,14.6396,0.0027,16778264,,,,,16,16.0287,0.0122,12.6965,0.0023,16778256
3.858155,HD26297,HaKiDaS00156,62.265654000000005,-15.889175,5097726306013986560,7.086398,7.7324720000000005,6.355826400000001,7.474,4.631,HD26297,4358.30176842,1.06770793248,0,-1.74024309121,0.0509164312241,-23.66,88930622648812578, 62.264772320,-15.889830340,0.014,0.014,90,310456320,37,56390.649490740,0,6,,,,,0,13.3756,0.0137,,,16777240,12.9835,0.0013,12.1246,0.0010,16,12.7313,0.0260,11.4832,0.1705,16777240,12.8054,0.0020,10.1326,0.0010,16778256
4.367241,HD26297,HaKiDaS00156,62.265654000000005,-15.889175,5097726306013986560,7.086398,7.7324720000000005,6.355826400000001,7.474,4.631,HD26297,4358.30176842,1.06770793248,0,-1.74024309121,0.0509164312241,-23.66,88930622644732719, 62.264514540,-15.889695210,0.018,0.018,90,276897792,33,56912.578541670,0,4,,,,,0,,,,,0,13.4094,0.0292,11.1380,0.0010,16777240,,,,,0,,,,,0
4.560450,HD26297,HaKiDaS00156,62.265654000000005,-15.889175,5097726306013986560,7.086398,7.7324720000000005,6.355826400000001,7.474,4.631,HD26297,4358.30176842,1.06770793248,0,-1.74024309121,0.0509164312241,-23.66,88930622650752301, 62.264997600,-15.890273270,0.021,0.021,90,276901888,33,56220.027048610,0,5,,,,,0,13.0646,0.0010,11.3388,0.0010,16777240,,,,,0,12.3386,0.0498,11.1362,0.0000,16777240,11.5207,0.0010,9.2498,0.0010,16777240
4.792338,HD26297,HaKiDaS00156,62.265654000000005,-15.889175,5097726306013986560,7.086398,7.7324720000000005,6.355826400000001,7.474,4.631,HD26297,4358.30176842,1.06770793248,0,-1.74024309121,0.0509164312241,-23.66,88930622646762282, 62.264629700,-15.890070300,0.045,0.045,90,277348352,33,56211.720949070,0,3,,,,,0,,,,,0,6.0158,0.0010,10.1331,0.0010,24,,,,,0,11.6232,0.0542,8.8861,0.0725,16777232
2.781225,HD219542,HaKiDaS00162,349.148858,-1.58695,2638615189818036736,8.031352,8.363797,7.5788006999999995,8.137,6.65,HD219542,5802.92532651,4.280727865869999,2,0.0781420959098,0.051245902956,-30.2063801897,106093491479806468,349.148296680, -1.586418950,0.029,0.029,90,268959744,32,55791.027592590,0,4,,,,,0,6.4955,0.0010,12.7142,0.0010,24,13.6370,0.0010,11.2554,0.0010,24,,,13.5088,0.0015,24,,,,,0
4.128240,HD219542,HaKiDaS00162,349.148858,-1.58695,2638615189818036736,8.031352,8.363797,7.5788006999999995,8.137,6.65,HD219542,5802.92532651,4.280727865869999,2,0.0781420959098,0.051245902956,-30.2063801897,106093491479257245,349.147942830, -1.586258550,0.033,0.033,90,276901888,33,56256.277569440,0,3,12.9351,0.0010,11.1484,0.0010,16777240,,,,,0,,,,,0,,,,,0,12.0407,0.0343,,,24
0.982479,HD24421,HaKiDaS00166,58.90241700000001,52.226281,251738448519542144,6.6698127000000005,6.9628559999999995,6.2631726,6.821000000000001,5.472,HD24421,6057.55131681,4.0637266814199995,2,-0.381224395166,0.032316757125800004,-8.1699475886,170670589022562745, 58.902562490, 52.226538950,0.014,0.014,90,276901888,33,55919.702962960,0,4,,,,,0,,,,,0,,,,,0,,,,,0,12.3768,0.1299,10.4360,0.0542,16777240
3.681497,HD24421,HaKiDaS00166,58.90241700000001,52.226281,251738448519542144,6.6698127000000005,6.9628559999999995,6.2631726,6.821000000000001,5.472,HD24421,6057.55131681,4.0637266814199995,2,-0.381224395166,0.032316757125800004,-8.1699475886,170670589034813084, 58.903584670, 52.227011900,0.112,0.112,90,268959744,32,55881.005937500,0,9,7.6833,0.0335,,,24,6.5712,0.0000,12.6664,0.3221,24,,,,,0,7.1075,0.4452,11.5690,0.0000,24,7.0105,0.0010,9.1038,0.0010,24
1.866122,HD122563,HaKiDaS00174,210.63188300000002,9.684803,3723554268436602240,5.8559737,6.413675,5.2016883,6.216,3.73,HD122563,4660.62595622,1.5038480895200002,0,-2.45262488425,0.0203664486976,26.576234793,119622106319971461,210.631784010,  9.684293900,0.015,0.015,90,310452224,37,55943.312812500,0,3,15.0918,0.0062,12.7724,0.2797,16777752,,,,,0,13.6652,0.0010,10.0368,0.0010,16777240,,,,,0,,,,,0
2.918066,HD122563,HaKiDaS00174,210.63188300000002,9.684803,3723554268436602240,5.8559737,6.413675,5.2016883,6.216,3.73,HD122563,4660.62595622,1.5038480895200002,0,-2.45262488425,0.0203664486976,26.576234793,119622106311302207,210.631060940,  9.684822300,0.015,0.015,90,276897792,33,55601.308807870,0,3,,,,,0,13.3811,0.0010,,,16777240,,,,,0,12.9426,0.2109,10.8396,0.0805,16777240,,,,,0
3.493849,16CygB,HaKiDaS00175,295.466246,50.513128,2135550755683407232,6.0568113,6.417793799999999,5.5859275,6.165,4.65,16CygB,5740.66652093,4.28628818186,2,-0.576922988729,0.223153164863,9.37034683139,168612954657297623,295.465694760, 50.514033000,0.011,0.011,90,310456320,37,55812.361053240,0,4,12.8053,0.0011,14.5456,0.0015,24,,,,,0,15.4813,0.0692,,,16777752,,,,,0,12.9092,0.0010,,,16
4.705658,16CygB,HaKiDaS00175,295.466246,50.513128,2135550755683407232,6.0568113,6.417793799999999,5.5859275,6.165,4.65,16CygB,5740.66652093,4.28628818186,2,-0.576922988729,0.223153164863,9.37034683139,168612954665668019,295.466598450, 50.514415770,0.013,0.013,90,268959744,32,55633.357523150,0,3,,,,,0,,,,,0,13.3500,0.4336,16.3963,0.0040,24,14.1071,0.0022,13.6016,0.0018,24,,,,,0
4.570668,HD222582,HaKiDaS00176,355.465863,-5.986769000000001,2440578577126302336,7.518894,7.871429400000001,7.0513334,7.7,6.172999999999999,HD222582,5729.22867672,4.292930564680001,2,-0.0604291900229,0.038068630135199996,-30.3765733944,100813554655337475,355.465328290, -5.985616110,0.048,0.048,90,276901888,33,55089.472291670,0,3,,,,,0,13.6434,0.0766,12.1043,0.0944,16777240,,,,,0,,,,,0,,,,,0
4.019435,HD145675,HaKiDaS00179,242.598704,43.815981,1385293808145621504,6.37931,6.8301253,5.8251976999999995,6.612,4.7139999999999995,HD145675,5256.24816085,4.39559517837,2,0.365873153392,0.09026214100989999,-4.86031131512,160582426002090361,242.600185180, 43.816304000,0.016,0.016,90,1350643712,161,55808.854120370,2,3,,,,,114720,,,,,16416,13.3447,0.0999,,,16793656,13.0609,0.0011,11.2502,0.0010,16793656,,,,,114720
4.135242,HD72659,HaKiDaS00186,128.514554,-1.567036,3073443760538892032,7.310695,7.640856299999999,6.8647084000000005,7.474,5.982,HD72659,5795.61136912,4.07127614078,2,-0.0598628588222,0.0414546145012,20.1415540064,106111285137329121,128.513650350, -1.567745570,0.036,0.036,90,276901888,33,55931.497638890,0,3,12.6534,0.0010,10.9416,0.0010,16777240,,,,,0,13.4569,0.0327,,,16777240,,,,,0,,,,,0
4.690655,HD72659,HaKiDaS00186,128.514554,-1.567036,3073443760538892032,7.310695,7.640856299999999,6.8647084000000005,7.474,5.982,HD72659,5795.61136912,4.07127614078,2,-0.0598628588222,0.0414546145012,20.1415540064,106111285141188519,128.514123750, -1.568265930,0.015,0.015,90,277348352,33,56622.880752310,0,3,,,,,0,,,,,0,,,,,0,12.0869,0.0543,10.8201,0.1234,16777240,13.4354,0.0025,,,16
2.846301,HD106252,HaKiDaS00189,183.374471,10.039744,3905603054348141440,7.262809799999999,7.59479,6.810293,7.417000000000001,5.928999999999999,HD106252,5782.94603627,4.29483773169,2,-0.105044238774,0.0296828030897,-27.6730903577,120041833746509134,183.374634470, 10.040518080,0.015,0.015,90,805384192,96,55588.653449070,1,3,,,,,16416,11.4066,0.0076,13.0075,0.2199,114744,,,,,16416,14.3284,0.0020,14.6432,0.0045,16440,,,,,16416
3.384529,HD106252,HaKiDaS00189,183.374471,10.039744,3905603054348141440,7.262809799999999,7.59479,6.810293,7.417000000000001,5.928999999999999,HD106252,5782.94603627,4.29483773169,2,-0.105044238774,0.0296828030897,-27.6730903577,120041833738159065,183.373838560, 10.040448310,0.026,0.026,90,276901888,33,55977.202256940,0,5,,,,,0,13.1250,0.1497,11.4764,0.0598,16777240,,,,,0,12.7499,0.0000,11.1001,0.0010,16777240,12.2411,0.0010,9.7045,0.0010,16777240
3.471290,HD106252,HaKiDaS00189,183.374471,10.039744,3905603054348141440,7.262809799999999,7.59479,6.810293,7.417000000000001,5.928999999999999,HD106252,5782.94603627,4.29483773169,2,-0.105044238774,0.0296828030897,-27.6730903577,120041833734318077,183.373495920, 10.039655190,0.036,0.036,90,268959744,32,55591.964328700,0,4,,,,,0,,,,,0,,,,,0,,,,,0,11.7858,0.0363,13.2954,0.1153,24
3.931558,HD106252,HaKiDaS00189,183.374471,10.039744,3905603054348141440,7.262809799999999,7.59479,6.810293,7.417000000000001,5.928999999999999,HD106252,5782.94603627,4.29483773169,2,-0.105044238774,0.0296828030897,-27.6730903577,120041833740039496,183.374058060, 10.040757580,0.019,0.019,90,276979712,33,55718.348807870,0,6,12.9995,0.1575,10.9314,0.0061,16777240,13.7497,0.0010,11.7882,0.0010,16777240,13.0681,0.1040,11.8247,0.0292,16777232,12.4202,0.0010,,,16777240,,,,,0
4.252943,HD26,HaKiDaS00190,1.344663,8.789261,2752856200291132416,7.966989,8.480872999999999,7.339735000000001,8.232000000000001,6.032,HD26,5047.46597041,2.6962753137099997,1,-0.845125792234,0.12396564831399999,26.895885983899998,118540013439846438,  1.343851940,  8.788393140,0.034,0.034,90,276901888,33,56569.410497690,0,4,,,,,0,12.5304,0.0761,11.9065,0.0524,16777240,13.5042,0.0010,12.0059,0.0010,16777240,,,,,0,,,,,0
4.128810,HD216770,HaKiDaS00191,343.97688700000003,-26.658558000000003,6610107504955838336,7.9163837,8.338474,7.3780399999999995,8.101,6.311,HD216770,5384.7089541000005,4.45772411225,2,0.315992941008,0.0684087334276,28.116088564400002,76013439758850956,343.975866970,-26.657862050,0.011,0.011,90,310456320,37,56511.377870370,0,3,,,,,0,,,,,0,15.8574,0.0031,13.9404,0.0015,16777496,,,,,0,14.8501,0.0031,12.1721,0.0011,16777496
4.709060,HD216770,HaKiDaS00191,343.97688700000003,-26.658558000000003,6610107504955838336,7.9163837,8.338474,7.3780399999999995,8.101,6.311,HD216770,5384.7089541000005,4.45772411225,2,0.315992941008,0.0684087334276,28.116088564400002,76003439752169772,343.975431880,-26.658699150,0.034,0.034,90,276901888,33,56225.813321760,0,8,13.1529,0.0469,11.3257,0.0107,16777240,12.9256,0.0506,11.4092,0.0717,16777240,13.2086,0.0984,12.0680,0.0153,16777240,,,,,0,,,,,0
1.707930,BD-133442,HaKiDaS00194,176.711246,-14.112055999999999,3572742676589941760,10.139558000000001,10.388247,9.757712,10.317,9.017999999999999,BD-133442,6365.41248186,3.97375815499,0,-2.727625,0.12068375080499999,14.4883784784,91061767111875234,176.711358540,-14.112517700,0.022,0.022,90,268513280,32,56317.605428240,0,59,10.5414,0.0595,12.3045,0.1171,88,10.2812,0.0800,12.5827,0.0168,16777304,11.1284,0.3175,12.3539,0.0558,88,10.3574,0.0060,11.8261,0.1125,88,10.3382,0.1056,11.1444,0.0256,88
2.813894,BD-133442,HaKiDaS00194,176.711246,-14.112055999999999,3572742676589941760,10.139558000000001,10.388247,9.757712,10.317,9.017999999999999,BD-133442,6365.41248186,3.97375815499,0,-2.727625,0.12068375080499999,14.4883784784,91061767115164952,176.711305700,-14.112835490,0.031,0.031,90,1342255104,160,56062.237187500,3,12,10.6438,0.0010,11.9472,0.0010,114744,9.8689,0.1307,12.4125,0.0608,24,10.0647,0.0000,12.6375,0.0000,24,9.8179,0.0000,13.2977,0.0000,114744,11.7787,0.0575,10.9325,0.0063,16891960
3.554884,BD-133442,HaKiDaS00194,176.711246,-14.112055999999999,3572742676589941760,10.139558000000001,10.388247,9.757712,10.317,9.017999999999999,BD-133442,6365.41248186,3.97375815499,0,-2.727625,0.12068375080499999,14.4883784784,91061767106185198,176.710705580,-14.112892900,0.015,0.015,90,276901888,33,56674.622800930,0,3,11.8024,0.0010,11.4488,0.0010,16777232,11.3719,0.0011,14.4288,0.0013,24,,,,,0,14.2922,0.0011,12.9134,0.0032,16777240,,,,,0
3.921220,BD-133442,HaKiDaS00194,176.711246,-14.112055999999999,3572742676589941760,10.139558000000001,10.388247,9.757712,10.317,9.017999999999999,BD-133442,6365.41248186,3.97375815499,0,-2.727625,0.12068375080499999,14.4883784784,91061767109154586,176.710819260,-14.113063540,0.022,0.022,90,268513280,32,56355.504664350,0,6,13.8971,0.0013,13.3289,0.0450,24,14.0688,0.0480,12.5632,0.0315,16777240,9.7537,0.0010,12.5113,0.0010,24,13.4212,0.0017,12.7629,0.0030,24,,,,,0
2.532811,G20-15,HaKiDaS00199,266.866754,-8.775903,4165370682239910144,10.351442,10.725163,9.827424,10.667,8.77,G20-15,6691.92121409,4.458710172819999,0,-1.4079188343,0.048205423310199995,1.69,97462668670828552,266.867041620, -8.776546580,0.027,0.013,90,436527104,52,55981.378032410,4,33,,,,,16416,20.7454,0.0105,20.2839,0.0103,16892216,19.7281,0.0148,19.8131,0.0676,16892216,19.1595,0.0268,19.1095,0.0467,115000,18.6028,0.0731,,,115000
4.139880,G20-15,HaKiDaS00199,266.866754,-8.775903,4165370682239910144,10.351442,10.725163,9.827424,10.667,8.77,G20-15,6691.92121409,4.458710172819999,0,-1.4079188343,0.048205423310199995,1.69,97462668679069074,266.867893520, -8.776135690,0.062,0.062,90,444669952,53,56540.857824070,2,3,,,,,16416,,,,,16416,21.2324,0.1105,21.0424,0.2715,16892216,20.7846,0.1149,20.2353,0.1540,16892208,,,,,16416
4.911483,HIP100963,HaKiDaS00202,307.046354,22.128494,1818697205647102720,6.922304,7.2709413,6.459281,7.097,5.577999999999999,HIP100963,5743.14594417,4.420073658430001,2,-0.0593429600896,0.0502507453314,17.58,134553070477394405,307.047788130, 22.128183490,0.021,0.021,90,1350643712,161,56415.595034720,0,3,,,,,0,,,,,16416,14.4342,0.1489,,,16793656,13.7343,0.0011,,,16793656,,,,,16416
0.503427,HD40979,HaKiDaS00203,91.123696,44.259208,961428192989499904,6.5996312999999995,6.909522,6.193393700000001,6.744,5.4510000000000005,HD40979,6135.89631873,4.34547589455,2,0.143830559231,0.06809789851800001,1.8131478265599998,161110911237781929, 91.123683200, 44.259347540,0.015,0.015,90,276901888,33,56879.231469910,0,6,,,,,0,,,,,0,13.5709,0.0187,12.4749,0.1962,16777240,13.8123,0.0011,11.8555,0.0010,16777240,13.3760,0.0014,,,16777240
3.147474,HD40979,HaKiDaS00203,91.123696,44.259208,961428192989499904,6.5996312999999995,6.909522,6.193393700000001,6.744,5.4510000000000005,HD40979,6135.89631873,4.34547589455,2,0.143830559231,0.06809789851800001,1.8131478265599998,161110911234082657, 91.123562060, 44.260077020,0.010,0.010,90,276901888,33,57049.247696760,0,4,,,,,0,,,,,0,14.1292,0.0006,12.4507,0.0579,16777240,,,,,0,,,,,0
4.022526,HD40979,HaKiDaS00203,91.123696,44.259208,961428192989499904,6.5996312999999995,6.909522,6.193393700000001,6.744,5.4510000000000005,HD40979,6135.89631873,4.34547589455,2,0.143830559231,0.06809789851800001,1.8131478265599998,161110911247482280, 91.124914100, 44.259906180,0.193,0.193,90,268959744,32,56466.901574070,0,3,,,,,0,,,,,0,6.6902,0.0000,12.3261,0.0000,24,6.6979,0.0027,12.2185,0.0010,24,,,,,0
4.570774,HD40979,HaKiDaS00203,91.123696,44.259208,961428192989499904,6.5996312999999995,6.909522,6.193393700000001,6.744,5.4510000000000005,HD40979,6135.89631873,4.34547589455,2,0.143830559231,0.06809789851800001,1.8131478265599998,161110911255311404, 91.125450680, 44.259026960,0.019,0.019,90,1082204160,129,55293.356192130,1,5,,,,,32,,,,,32,,,,,32,12.6429,0.2974,11.0643,0.1924,16777272,11.3991,0.0644,8.9704,0.0161,16810032
4.700751,HD40979,HaKiDaS00203,91.123696,44.259208,961428192989499904,6.5996312999999995,6.909522,6.193393700000001,6.744,5.4510000000000005,HD40979,6135.89631873,4.34547589455,2,0.143830559231,0.06809789851800001,1.8131478265599998,161110911253672414, 91.125316200, 44.259806810,0.001,0.001,90,1075314688,128,56155.687488430,5,5,,,,,0,,,,,0,5.9108,0.0010,10.7901,0.0010,114744,6.9934,0.0654,9.9227,0.2989,98352,5.4934,0.0000,10.0682,0.0000,98360
4.736395,HD40979,HaKiDaS00203,91.123696,44.259208,961428192989499904,6.5996312999999995,6.909522,6.193393700000001,6.744,5.4510000000000005,HD40979,6135.89631873,4.34547589455,2,0.143830559231,0.06809789851800001,1.8131478265599998,161110911236013222, 91.123549240, 44.260519460,0.012,0.012,90,268959744,32,55996.633437500,0,3,,,,,0,,,,,0,,,,,0,,,,,0,12.3267,0.1855,10.7528,0.0010,24
4.872362,HD187123,HaKiDaS00207,296.744879,34.417258000000004,2047452661412980736,7.6728380000000005,8.020287,7.2085365999999995,7.841,6.337000000000001,HD187123,5753.73394044,4.3509596407,2,0.0797780125385,0.043184884500699995,14.393913256500001,149302967434460431,296.743491440, 34.416535830,0.097,0.086,90,310697984,37,56100.882083330,0,11,16.4185,0.0046,,,272,17.2078,0.0395,14.9149,0.0021,16777496,17.4053,0.0069,14.8172,0.0026,16777496,16.5846,0.0064,15.1566,0.0033,16777496,15.6260,,,,4
4.157100,Gl838.3,HaKiDaS00209,327.97045,42.340439,1960631100090155008,7.642575999999999,8.05022,7.116014999999999,7.845,6.064,Gl838.3,5423.09223011,4.546326741190001,2,0.021831275136700003,0.0408093559477,-1.73,158813279696550295,327.969672550, 42.341440610,0.009,0.009,90,277348352,33,56505.964224540,0,4,,,,,0,14.2979,0.0637,,,16777240,14.7812,0.0019,13.7936,0.0012,16781336,,,,,0,,,,,0
1.126999,G199-36,HaKiDaS00213,191.05953799999997,51.756394,1568219729458240128,6.7342796,7.248855000000001,6.1209,7.018,4.78,G199-36,4882.59393571,4.46477593721,1,0.074757967173,0.0963934997164,-8.74,170101910594418746,191.059051210, 51.756478890,0.009,0.009,90,310456320,37,56549.852442130,0,4,,,,,0,,,,,0,15.5715,0.0000,12.5950,0.0000,16777752,12.9220,0.2375,,,24,,,,,0
1.268472,G199-36,HaKiDaS00213,191.05953799999997,51.756394,1568219729458240128,6.7342796,7.248855000000001,6.1209,7.018,4.78,G199-36,4882.59393571,4.46477593721,1,0.074757967173,0.0963934997164,-8.74,170101910599218845,191.059825440, 51.756698130,0.009,0.009,90,310456320,37,56524.992488430,0,3,,,,,0,,,,,0,15.4045,0.4272,12.5492,0.0010,536,,,,,0,14.6027,0.0038,,,16777496
2.580444,G199-36,HaKiDaS00213,191.05953799999997,51.756394,1568219729458240128,6.7342796,7.248855000000001,6.1209,7.018,4.78,G199-36,4882.59393571,4.46477593721,1,0.074757967173,0.0963934997164,-8.74,170101910596009196,191.059546630, 51.757110770,0.014,0.014,90,310456320,37,56101.899918980,0,3,9.1903,0.0010,13.5733,0.0010,24,13.1929,0.0010,11.7279,0.0010,16777744,,,,,0,,,,,0,14.0600,0.0030,,,16777496
4.030029,G199-36,HaKiDaS00213,191.05953799999997,51.756394,1568219729458240128,6.7342796,7.248855000000001,6.1209,7.018,4.78,G199-36,4882.59393571,4.46477593721,1,0.074757967173,0.0963934997164,-8.74,170101910591229498,191.059275200, 51.757501570,0.015,0.015,90,277348352,33,55643.553125000,0,4,14.1164,0.0630,11.2394,0.0865,16777240,,,,,0,,,,,0,,,,,0,12.2104,,9.5025,0.0010,16777240
4.056888,G199-36,HaKiDaS00213,191.05953799999997,51.756394,1568219729458240128,6.7342796,7.248855000000001,6.1209,7.018,4.78,G199-36,4882.59393571,4.46477593721,1,0.074757967173,0.0963934997164,-8.74,170101910579919574,191.058458150, 51.757301270,0.016,0.016,90,276901888,33,55583.589016200,0,8,13.1490,0.1082,11.1704,0.0000,16777240,,,,,0,10.1414,0.0000,12.8182,0.0000,24,,,,,0,13.0171,0.0565,,,16777240
3.621004,HD92788,HaKiDaS00215,160.703921,-2.185556,3802549437248150656,7.139292200000001,7.5118375,6.660425999999999,7.308,5.721,HD92788,5651.44900446,4.318899647209999,2,0.263135533952,0.0372538503628,-29.224372522399996,105371607029478607,160.702982560, -2.185192250,0.012,0.012,90,276901888,33,55674.253668980,0,3,,,,,0,,,,,0,8.8587,0.0010,13.6765,0.0014,16,13.8803,0.0017,12.0283,0.0010,16777240,12.7131,0.0016,10.7306,0.0010,16777240
3.927938,HD195019,HaKiDaS00220,307.078429,18.772247,1815418118373631360,6.7291107000000006,7.081606,6.259645,6.901,5.256,HD195019,5560.88710255,4.01737795881,2,-0.030334678695200002,0.0365605130944,23.371598845799998,130523070773456510,307.077442890, 18.771682400,0.010,0.010,90,268959744,32,55981.824293980,0,3,,,,,0,14.7733,0.1095,16.0331,0.0047,24,,,,,0,,,,,0,13.7665,0.0010,,,16777240
4.750426,HD195019,HaKiDaS00220,307.078429,18.772247,1815418118373631360,6.7291107000000006,7.081606,6.259645,6.901,5.256,HD195019,5560.88710255,4.01737795881,2,-0.030334678695200002,0.0365605130944,23.371598845799998,130523070783425500,307.078426150, 18.770927440,0.001,0.001,90,538443776,64,55978.757037040,1,3,,,,,32,,,,,114744,,,,,32,,,,,32,,,,,32
3.618858,G17-25,HaKiDaS00226,248.677108,-4.228530999999999,4354357901908595456,9.366166999999999,9.800535,8.791043,9.597999999999999,7.517,G17-25,5314.01542604,4.56122499732,0,-1.27921725972,0.10367088579299999,-23.72,102922486760042590,248.676422320, -4.229267820,0.000,0.000,90,268959744,32,51962.974039350,0,20,10.4951,0.0051,12.9276,0.0238,88,10.1293,0.2556,12.4617,0.0630,88,10.1097,0.0990,13.2857,0.2259,88,9.1608,0.0103,11.6770,0.1912,88,10.1769,0.3745,10.1170,0.0191,88
0.677682,HD204587,HaKiDaS00227,322.514138,-12.511728,6891134705556330880,8.535991000000001,9.319032,7.7015910000000005,9.12,5.881,HD204587,4105.49426534,4.5256345505699995,1,0.05869111275640001,0.190410009382,27.029582456,92983225142866445,322.514313230,-12.511649440,0.014,0.014,90,310456320,37,55103.507800930,0,4,,,,,0,,,,,0,,,,,0,12.6673,0.0781,11.4156,0.0677,16777240,13.8845,0.0027,11.3994,0.0034,16777496
2.324636,HD204587,HaKiDaS00227,322.514138,-12.511728,6891134705556330880,8.535991000000001,9.319032,7.7015910000000005,9.12,5.881,HD204587,4105.49426534,4.5256345505699995,1,0.05869111275640001,0.190410009382,27.029582456,92983225138466694,322.513961470,-12.511105690,0.015,0.015,90,310456320,37,55699.606539350,0,5,,,,,0,14.3917,0.0014,13.3933,0.0010,16777240,,,,,0,,,,,0,13.5636,0.0024,10.7196,0.0012,16778264
2.420631,HD204587,HaKiDaS00227,322.514138,-12.511728,6891134705556330880,8.535991000000001,9.319032,7.7015910000000005,9.12,5.881,HD204587,4105.49426534,4.5256345505699995,1,0.05869111275640001,0.190410009382,27.029582456,92983225146486579,322.514760290,-12.511439820,0.011,0.011,90,310456320,37,56838.835740740,0,5,,,,,0,,,,,0,14.3371,0.0285,12.6478,0.0541,16778264,,,,,0,,,,,0
2.994238,HD204587,HaKiDaS00227,322.514138,-12.511728,6891134705556330880,8.535991000000001,9.319032,7.7015910000000005,9.12,5.881,HD204587,4105.49426534,4.5256345505699995,1,0.05869111275640001,0.190410009382,27.029582456,92983225145327399,322.514578060,-12.511015810,0.020,0.020,90,268513280,32,56883.464340280,0,8,9.5587,0.0687,12.4589,0.0478,24,8.6690,0.0431,12.2045,0.0143,24,11.5122,,11.6859,0.1007,24,,,,,0,8.2085,0.0010,10.8610,0.0012,16
3.067537,HD204587,HaKiDaS00227,322.514138,-12.511728,6891134705556330880,8.535991000000001,9.319032,7.7015910000000005,9.12,5.881,HD204587,4105.49426534,4.5256345505699995,1,0.05869111275640001,0.190410009382,27.029582456,92983225149067054,322.514940230,-12.511392300,0.017,0.017,90,268513280,32,56884.474548610,0,10,10.1345,0.1280,12.6499,0.0010,88,8.7151,0.0035,12.5829,0.0088,88,13.9159,0.1045,12.1062,0.2207,16777304,,,,,64,7.5317,0.4224,10.0336,0.0099,88
3.257365,HD204587,HaKiDaS00227,322.514138,-12.511728,6891134705556330880,8.535991000000001,9.319032,7.7015910000000005,9.12,5.881,HD204587,4105.49426534,4.5256345505699995,1,0.05869111275640001,0.190410009382,27.029582456,92983225134686956,322.513370360,-12.511220960,0.012,0.012,90,310456320,37,55584.272858800,0,3,,,,,0,,,,,0,14.5382,0.0305,12.9464,0.0010,16777240,,,,,0,14.6379,0.0042,,,280
3.403030,HD204587,HaKiDaS00227,322.514138,-12.511728,6891134705556330880,8.535991000000001,9.319032,7.7015910000000005,9.12,5.881,HD204587,4105.49426534,4.5256345505699995,1,0.05869111275640001,0.190410009382,27.029582456,92983225151906812,322.515082600,-12.511520220,0.025,0.025,90,276901888,33,56227.196990740,0,3,,,,,0,,,,,0,10.3466,0.0016,,,24,,,,,0,11.9326,0.0886,10.1072,0.1610,16777240
4.581908,HD204587,HaKiDaS00227,322.514138,-12.511728,6891134705556330880,8.535991000000001,9.319032,7.7015910000000005,9.12,5.881,HD204587,4105.49426534,4.5256345505699995,1,0.05869111275640001,0.190410009382,27.029582456,92983225150887316,322.515152010,-12.510928040,0.001,0.001,90,1343750144,160,55918.797361110,4,6,9.5290,0.0631,12.3557,0.0090,114744,,,,,114720,7.9284,0.0894,,,16,6.6831,0.0000,10.6477,0.0000,114744,,,,,114720
2.734467,47UM,HaKiDaS00231,164.862933,40.429522,777254360337133312,4.8306002999999995,5.202707299999999,4.4259934,5.04,3.75,47UM,6100.70112797,4.39165550244,2,0.0440562142041,0.037299850176199995,-25.3557257873,156511648636435319,164.863615330, 40.428967760,0.027,0.027,90,276901888,33,57036.571770830,0,5,,,,,0,13.1337,0.1817,9.8394,0.1005,16777240,,,,,0,,,,,0,11.3369,0.0996,8.8959,0.2887,16781336
4.001570,47UM,HaKiDaS00231,164.862933,40.429522,777254360337133312,4.8306002999999995,5.202707299999999,4.4259934,5.04,3.75,47UM,6100.70112797,4.39165550244,2,0.0440562142041,0.037299850176199995,-25.3557257873,156511648644325672,164.864238060, 40.429023350,0.023,0.023,90,276897792,33,56081.020937500,0,6,13.1642,0.1198,,,16777240,,,,,0,,,,,0,12.9164,0.0435,11.2697,0.0010,16777240,11.3622,0.1781,7.4671,0.0505,16777240
4.388242,47UM,HaKiDaS00231,164.862933,40.429522,777254360337133312,4.8306002999999995,5.202707299999999,4.4259934,5.04,3.75,47UM,6100.70112797,4.39165550244,2,0.0440562142041,0.037299850176199995,-25.3557257873,156511648639174951,164.863692160, 40.428448730,0.293,0.285,90,276901888,33,56834.139606480,0,9,,,,,0,13.1905,0.0112,9.8577,0.1335,16777240,13.6566,0.0364,10.5714,0.1180,16777240,,,,,0,,,,,0
4.392506,HD58551,HaKiDaS00232,111.709962,21.533610999999997,865962683591073408,6.39607,6.6785374000000015,6.0039682,6.5360000000000005,5.245,HD58551,6125.52803631,4.189337695390001,2,-0.491533104721,0.045602935269499996,11.921109780999998,133841117090221952,111.709096280, 21.534527650,0.108,0.076,0,310534144,37,56398.890671300,0,10,12.8622,0.0010,11.2056,0.0010,16777240,12.7813,0.1032,10.3723,0.0409,16777240,13.4936,0.0803,11.4051,0.0228,16777240,14.2741,0.0015,,,16778256,,,,,0
4.644907,HD58551,HaKiDaS00232,111.709962,21.533610999999997,865962683591073408,6.39607,6.6785374000000015,6.0039682,6.5360000000000005,5.245,HD58551,6125.52803631,4.189337695390001,2,-0.491533104721,0.045602935269499996,11.921109780999998,133841117091212314,111.709295190, 21.534742380,0.023,0.023,90,276901888,33,55592.836666670,0,8,12.4370,0.0010,10.3464,0.0010,16777240,13.5199,0.0000,10.8582,0.0000,16777240,13.6532,0.0010,10.8294,0.0010,16777240,11.6764,0.3530,10.0681,0.0010,16777232,11.6411,0.0648,10.2011,0.0010,16777240
1.653630,G165-39,HaKiDaS00234,209.793917,33.859439,1458016709798909952,9.922362,10.164749,9.547275,9.986,8.81,G165-39,6573.30297972,4.09233335388,0,-1.8186688907700002,0.044372983385300005,-19.97,148632097934301678,209.793366580, 33.859393400,0.020,0.020,90,302067712,36,56270.964479170,0,3,,,,,0,,,,,0,19.1887,0.0209,18.6490,0.0175,16777496,18.6683,0.0265,,,280,,,,,0
2.050527,G165-39,HaKiDaS00234,209.793917,33.859439,1458016709798909952,9.922362,10.164749,9.547275,9.986,8.81,G165-39,6573.30297972,4.09233335388,0,-1.8186688907700002,0.044372983385300005,-19.97,148632097936792396,209.793537030, 33.859913210,0.018,0.018,90,310456320,37,56336.664386570,0,4,,,,,0,19.3270,0.0305,,,4120,19.1631,0.0210,16.6475,0.0089,16777496,18.9826,0.0312,,,16777496,18.8457,0.0332,,,16777496
2.579712,G165-39,HaKiDaS00234,209.793917,33.859439,1458016709798909952,9.922362,10.164749,9.547275,9.986,8.81,G165-39,6573.30297972,4.09233335388,0,-1.8186688907700002,0.044372983385300005,-19.97,148632097944142613,209.794389980, 33.860038360,0.013,0.013,90,310452224,37,56094.025115740,0,3,18.3590,0.0075,,,280,19.4840,0.0239,18.9839,0.0227,16778264,19.7637,0.0320,,,16777496,,,,,0,,,,,0
4.697408,G165-39,HaKiDaS00234,209.793917,33.859439,1458016709798909952,9.922362,10.164749,9.547275,9.986,8.81,G165-39,6573.30297972,4.09233335388,0,-1.8186688907700002,0.044372983385300005,-19.97,148632097934130618,209.793214770, 33.858271720,0.015,0.015,90,268513280,32,56386.536180560,0,3,,,,,0,15.9998,0.0000,16.4310,0.0044,24,16.0177,0.0019,16.6965,0.0044,24,,,,,0,,,,,0
4.736945,LP859-35,HaKiDaS00236,229.8995,-24.516925,6227037653844724224,11.487769,11.843062,10.96819,11.309000000000001,9.897,LP859-35,6129.88350046,4.577264521419999,0,-1.27388232704,0.09319000249430001,-27.82,78572298987637187,229.898587750,-24.517946020,0.000,0.000,90,268959744,32,51988.820486110,0,32,12.6079,0.0537,16.1920,0.0000,4184,11.4251,0.1428,13.0045,0.1087,88,11.4994,0.0140,13.4355,0.1343,88,11.2710,0.0081,12.7744,0.1614,88,11.3452,0.0350,12.2037,0.0172,88
2.734836,HD189558,HaKiDaS00237,300.253337,-12.255389,4189078626829509248,7.555069400000001,7.88985,7.0926766,7.732,6.162999999999999,HD189558,5703.88012863,3.8201795009400006,0,-2.32783937619,0.067110891273,-0.814894672674,93293002527594451,300.252686720,-12.254972710,0.415,0.110,90,310534144,37,56573.695023150,0,9,18.6079,0.0115,,,536,18.0889,0.0092,,,16778264,18.0184,0.0828,14.4481,0.0546,16777496,18.0018,0.0171,13.8927,0.0015,16777496,,,,,0
0.615481,HD37124,HaKiDaS00238,84.260188,20.72905,3402798414192387328,7.472376,7.843986500000001,6.980111999999999,7.659,5.9510000000000005,HD37124,5536.44369775,4.3579400775699995,2,-0.479864867812,0.027673051235500002,-1.40682215025,132870842600285382, 84.260005750, 20.729036740,0.001,0.001,90,268959744,32,56437.309108800,0,8,,,,,0,8.7366,0.2034,12.0235,0.0010,24,,,,,0,7.4990,0.1376,10.3677,0.0810,24,8.0125,0.1386,10.2408,0.0704,16
1.420587,HD37124,HaKiDaS00238,84.260188,20.72905,3402798414192387328,7.472376,7.843986500000001,6.980111999999999,7.659,5.9510000000000005,HD37124,5536.44369775,4.3579400775699995,2,-0.479864867812,0.027673051235500002,-1.40682215025,132870842601075861, 84.260123160, 20.729439920,0.001,0.001,90,1343750144,160,55977.593634260,4,4,8.4132,0.0010,11.7243,0.0010,114744,7.7560,0.0010,10.7461,0.0010,114744,7.1276,0.0308,,,24,,,,,114720,,,,,114720
1.834492,HD37124,HaKiDaS00238,84.260188,20.72905,3402798414192387328,7.472376,7.843986500000001,6.980111999999999,7.659,5.9510000000000005,HD37124,5536.44369775,4.3579400775699995,2,-0.479864867812,0.027673051235500002,-1.40682215025,132870842604474858, 84.260233770, 20.728542220,0.020,0.020,90,277348352,33,56038.101423610,0,4,7.8635,0.0010,13.6888,0.0010,24,,,,,0,13.2993,0.0010,,,16777240,12.5382,0.0497,11.2832,0.1030,16777240,,,,,0
2.070117,HD37124,HaKiDaS00238,84.260188,20.72905,3402798414192387328,7.472376,7.843986500000001,6.980111999999999,7.659,5.9510000000000005,HD37124,5536.44369775,4.3579400775699995,2,-0.479864867812,0.027673051235500002,-1.40682215025,132870842607755459, 84.260801010, 20.729005740,0.038,0.038,90,276901888,33,56621.590173610,0,5,11.6071,,12.2738,0.2097,24,,,,,0,,,,,0,13.1163,0.0012,,,16777240,11.7723,0.0324,9.9501,0.0412,16777240
2.967288,HD37124,HaKiDaS00238,84.260188,20.72905,3402798414192387328,7.472376,7.843986500000001,6.980111999999999,7.659,5.9510000000000005,HD37124,5536.44369775,4.3579400775699995,2,-0.479864867812,0.027673051235500002,-1.40682215025,132870842596056150, 84.259641330, 20.729696510,0.048,0.048,90,276901888,33,56621.590613430,0,4,12.8553,0.0216,,,16777240,,,,,0,,,,,0,,,,,0,11.6281,0.0027,9.9330,0.1053,16777240
3.773994,HD37124,HaKiDaS00238,84.260188,20.72905,3402798414192387328,7.472376,7.843986500000001,6.980111999999999,7.659,5.9510000000000005,HD37124,5536.44369775,4.3579400775699995,2,-0.479864867812,0.027673051235500002,-1.40682215025,132870842591666474, 84.259218430, 20.729576030,0.013,0.013,90,276901888,33,56104.898888890,0,4,14.2441,0.0020,12.8096,0.0010,16781336,13.3289,0.0010,,,16777240,,,,,0,13.2338,0.0013,,,16777240,12.7334,0.0015,,,16777240
3.825923,HD37124,HaKiDaS00238,84.260188,20.72905,3402798414192387328,7.472376,7.843986500000001,6.980111999999999,7.659,5.9510000000000005,HD37124,5536.44369775,4.3579400775699995,2,-0.479864867812,0.027673051235500002,-1.40682215025,132870842612905427, 84.261323350, 20.729093820,0.023,0.023,90,1082208256,129,56237.997175930,3,4,,,,,65568,13.6383,0.0017,11.6220,0.0281,16777272,13.5436,0.1036,12.3266,0.2093,16777272,,,,,32,,,,,114720
4.734050,HD37124,HaKiDaS00238,84.260188,20.72905,3402798414192387328,7.472376,7.843986500000001,6.980111999999999,7.659,5.9510000000000005,HD37124,5536.44369775,4.3579400775699995,2,-0.479864867812,0.027673051235500002,-1.40682215025,132870842596486553, 84.259132520, 20.729918790,0.001,0.001,90,1083703296,129,55880.199155090,1,4,12.7234,0.0010,12.2536,0.0010,56,13.4102,0.2543,10.9760,0.0010,16777272,,,,,32,,,,,114720,12.6610,0.0016,,,16781368
3.812747,HD8574,HaKiDaS00240,21.30235,28.564967,297045096447719040,6.9834504,7.2957415999999995,6.5640717,7.121,5.7829999999999995,HD8574,6043.24876357,4.22226609455,2,0.038297778153499995,0.052900850451499996,-24.0123230479,142270213027419670, 21.303019710, 28.565847750,0.001,0.001,90,1343750144,160,56318.281875000,1,3,,,,,0,,,,,0,,,,,114720,,,,,0,5.6753,0.0150,,,24
4.279308,HD8574,HaKiDaS00240,21.30235,28.564967,297045096447719040,6.9834504,7.2957415999999995,6.5640717,7.121,5.7829999999999995,HD8574,6043.24876357,4.22226609455,2,0.038297778153499995,0.052900850451499996,-24.0123230479,142270213031409692, 21.303358480, 28.565759780,0.001,0.001,90,1343750144,160,56280.934930560,1,6,,,,,0,,,,,114720,6.9443,0.0027,11.7172,0.0045,24,7.0908,0.0025,12.2684,0.0010,24,6.1574,0.0010,11.0276,0.0010,24
0.548984,G14-39,HaKiDaS00241,198.61255,-4.092741999999999,3636015928636801792,12.539176,13.068067999999998,11.863269,12.74,10.413,G14-39,4638.29785355,4.69696908621,0,-2.09859818282,0.12352024405999999,-26.41,103081986124908988,198.612506390, -4.092888160,0.121,0.060,0,444915712,53,56080.989814810,7,8,22.0466,0.1710,21.5708,0.2218,16793912,21.0989,0.0481,20.3430,0.0420,16892216,20.7692,0.0901,20.6563,0.1756,16892216,20.8182,0.0165,19.9668,0.2321,16892216,,,,,16416
1.227337,HD117176,HaKiDaS00246,202.10511699999998,13.777322,3740176925743650688,4.7087197,5.160622,4.2652470000000005,4.973,3.5,HD117176,5802.42380447,4.01943846884,2,-0.123998492138,0.04871667793880001,7.31422093845,124532021050003513,202.104914370, 13.777600390,2.844,1.047,90,277143552,33,56482.718657410,0,10,,,,,0,12.9117,0.0258,10.1881,0.0666,16777240,,,,,0,12.8963,0.1923,10.4466,0.1376,16777240,11.7896,0.0417,7.8335,0.0170,16777240
2.300705,HD117176,HaKiDaS00246,202.10511699999998,13.777322,3740176925743650688,4.7087197,5.160622,4.2652470000000005,4.973,3.5,HD117176,5802.42380447,4.01943846884,2,-0.123998492138,0.04871667793880001,7.31422093845,124532021046613802,202.104649650, 13.777771890,0.016,0.016,90,276897792,33,56001.420497690,0,4,,,,,0,13.1134,0.0144,10.0970,0.0501,16777240,13.8773,0.0226,,,16777240,,,,,0,,,,,0
3.973584,HD117176,HaKiDaS00246,202.10511699999998,13.777322,3740176925743650688,4.7087197,5.160622,4.2652470000000005,4.973,3.5,HD117176,5802.42380447,4.01943846884,2,-0.123998492138,0.04871667793880001,7.31422093845,124532021055524408,202.105655650, 13.778293920,0.014,0.014,90,276979712,33,56482.238981480,0,7,12.7834,0.0303,9.8386,0.3080,16777240,12.9398,0.0010,9.4629,0.0010,16777240,,,,,0,14.5799,0.0019,11.2362,0.0010,16777240,11.5915,0.2411,8.5072,0.1194,16777240
4.222948,HD117176,HaKiDaS00246,202.10511699999998,13.777322,3740176925743650688,4.7087197,5.160622,4.2652470000000005,4.973,3.5,HD117176,5802.42380447,4.01943846884,2,-0.123998492138,0.04871667793880001,7.31422093845,124532021059374341,202.105926210, 13.778192830,0.017,0.017,90,276897792,33,56313.586331020,0,4,,,,,0,,,,,0,,,,,0,12.7271,0.0437,10.3775,0.0010,16777240,11.7435,0.0247,8.8774,0.1096,16777240
4.720177,HD117176,HaKiDaS00246,202.10511699999998,13.777322,3740176925743650688,4.7087197,5.160622,4.2652470000000005,4.973,3.5,HD117176,5802.42380447,4.01943846884,2,-0.123998492138,0.04871667793880001,7.31422093845,124532021056774756,202.105546850, 13.778564920,0.036,0.036,90,545333248,65,55654.177280090,1,3,,,,,32,12.8690,0.0010,9.3349,0.0010,16810040,12.9918,0.0949,9.3640,0.0528,16777272,,,,,32,,,,,32
3.292360,HD134439,HaKiDaS00251,227.555046,-16.383889,6307374845312759552,8.816861,9.263815,8.248588,9.059,,HD134439,4923.5670905,4.59943903398,0,-1.4320093669,0.07263234060910001,29.338251485300002,88332275553738629,227.555350410,-16.384755660,0.016,0.007,90,444915712,53,55962.643726850,10,48,20.5490,0.0577,19.6038,0.2083,16892216,19.4744,0.0239,18.9623,0.0873,16892216,18.7336,0.0057,18.6680,0.0200,16892216,18.3924,0.0203,18.4793,0.0430,115000,17.8470,0.0435,17.6783,0.1354,16892216
